time,heart
0.005,3220
0.01,319
0.015,324
0.02,317
0.025,304
0.03,308
0.035,308
0.04,298
0.045,290
0.05,296
0.055,296
0.06,290
0.065,289
0.07,302
0.075,300
0.08,290
0.085,292
0.09,299
0.095,299
0.1,294
0.105,299
0.11,304380
0.115,379
0.12,372
0.125,378
0.13,383
0.135,374
0.14,369
0.145,377
0.15,379
0.155,359
0.16,355
0.165,367
0.17,361
0.175,342
0.18,338
0.185,345
0.19,335
0.195,321
0.2,323
0.205,326
0.21,319
0.215,312
0.22,327
0.225,337
0.23,323
0.235,322
0.24,340
0.245,351
0.25,339
0.255,338
0.26,348
0.265,346
0.27,334
0.275,336
0.28,344
0.285,337
0.29,323
0.295,332
0.3,341
0.305,330
0.31,322
0.315,336
0.32,349
0.325,337
0.33,335
0.335,350
0.34,356
0.345,350
0.35,356
0.355,372
0.36,371
0.365,354
0.37,357
0.375,366
0.38,354
0.385,339
0.39,348
0.395,351
0.4,337
0.405,326
0.41,334
0.415,334
0.42,315
0.425,309
0.43,319
0.435,317
0.44,300
0.445,302
0.45,314
0.455,308
0.46,296
0.465,299
0.47,309
0.475,299
0.48,287
0.485,301
0.49,306
0.495,293
0.5,292
0.505,307
0.51,314
0.515,309
0.52,319
0.525,344
0.53,355
0.535,358
0.54,383
0.545,416
0.55,429
0.555,433
0.56,468
0.565,500
0.57,495
0.575,482
0.58,489
0.585,493
0.59,474
0.595,463
0.6,465
0.605,453
0.61,424
0.615,412
0.62,417
0.625,406
0.63,386
0.635,389
0.64,397
0.645,382
0.65,368
0.655,379
0.66,386
0.665,370
0.67,362
0.675,379
0.68,387
0.685,373
0.69,369
0.695,384
0.7,383
0.705,362
0.71,365
0.715,383
0.72,373
0.725,350
0.73,353
0.735,364
0.74,348
0.745,331
0.75,341
0.755,349
0.76,333
0.765,320
0.77,334
0.775,337
0.78,320
0.785,316
0.79,339
0.795,347
0.8,339
0.805,356
0.81,381
0.815,374
0.82,351
0.825,357
0.83,365
0.835,344
0.84,325
0.845,337
0.85,340
0.855,319
0.86,308
0.865,322
0.87,321
0.875,301
0.88,302
0.885,322
0.89,320
0.895,304
0.9,314
0.905,334
0.91,328
0.915,319
0.92,336
0.925,353
0.93,337
0.935,313
0.94,306
0.945,301
0.95,289
0.955,318
0.96,418
0.965,539
0.97,547
0.975,493
0.98,436
0.985,391
0.99,370
0.995,355
1,351
1.005,327
1.01,315
1.015,325
1.02,334
1.025,320
1.03,313
1.035,332
1.04,340
1.045,321
1.05,320
1.055,341
1.06,343
1.065,326
1.07,336
1.075,358
1.08,358
1.085,346
1.09,365
1.095,384
1.1,374
1.105,368
1.11,389
1.115,400
1.12,386
1.125,383
1.13,406
1.135,414
1.14,400
1.145,406
1.15,428
1.155,423
1.16,402
1.165,405
1.17,416
1.175,398
1.18,378
1.185,391
1.19,402
1.195,382
1.2,371
1.205,388
1.21,394
1.215,382
1.22,383
1.225,405
1.23,409
1.235,389
1.24,387
1.245,398
1.25,383
1.255,356
1.26,361
1.265,372
1.27,345
1.275,318
1.28,325
1.285,339
1.29,316
1.295,292
1.3,300
1.305,297
1.31,271
1.315,263
1.32,274
1.325,271
1.33,257
1.335,267
1.34,289
1.345,279
1.35,262
1.355,275
1.36,294
1.365,279
1.37,262
1.375,273
1.38,276
1.385,250
1.39,238
1.395,255
1.4,256
1.405,231
1.41,234
1.415,258
1.42,255
1.425,239
1.43,255
1.435,281
1.44,281
1.445,276
1.45,303
1.455,331
1.46,330
1.465,329
1.47,353
1.475,368
1.48,353
1.485,354
1.49,375
1.495,377
1.5,357
1.505,360
1.51,379
1.515,367
1.52,346
1.525,350
1.53,359
1.535,341
1.54,321
1.545,329
1.55,336
1.555,313
1.56,301
1.565,313
1.57,312
1.575,287
1.58,279
1.585,295
1.59,291
1.595,271
1.6,274
1.605,292
1.61,280
1.615,262
1.62,270
1.625,283
1.63,263
1.635,246
1.64,255
1.645,258
1.65,231
1.655,217
1.66,227
1.665,221
1.67,196
1.675,185
1.68,196
1.685,187
1.69,166
1.695,172
1.7,198
1.705,198
1.71,194
1.715,221
1.72,247
1.725,241
1.73,234
1.735,252
1.74,261
1.745,240
1.75,239
1.755,262
1.76,269
1.765,260
1.77,265
1.775,277
1.78,259
1.785,229
1.79,227
1.795,225
1.8,196
1.805,160
1.81,151
1.815,136
1.82,90
1.825,52
1.83,37
1.835,21
1.84,0
1.845,0
1.85,13
1.855,36
1.86,35
1.865,44
1.87,68
1.875,72
1.88,61
1.885,71
1.89,98
1.895,105
1.9,103
1.905,128
1.91,154
1.915,157
1.92,170
1.925,218
1.93,261
1.935,280
1.94,305
1.945,346
1.95,349
1.955,327
1.96,340
1.965,373
1.97,410
1.975,500
1.98,649
1.985,669
1.99,645
1.995,555
2,512
2.005,489
2.01,429
2.015,393
2.02,403
2.025,412
2.03,391
2.035,385
2.04,399
2.045,402
2.05,395
2.055,408
2.06,424
2.065,423
2.07,418
2.075,424
2.08,436
2.085,432
2.09,428
2.095,441
2.1,456
2.105,444
2.11,442
2.115,467
2.12,482
2.125,471
2.13,476
2.135,501
2.14,509
2.145,509
2.15,523
2.155,547
2.16,547
2.165,547
2.17,566
2.175,579
2.18,575
2.185,576
2.19,595
2.195,611
2.2,602
2.205,594
2.21,607
2.215,611
2.22,593
2.225,588
2.23,592
2.235,573
2.24,547
2.245,543
2.25,539
2.255,514
2.26,481
2.265,475
2.27,474
2.275,456
2.28,443
2.285,454
2.29,465
2.295,453
2.3,449
2.305,465
2.31,466
2.315,457
2.32,463
2.325,473
2.33,471
2.335,460
2.34,467
2.345,473
2.35,460
2.355,447
2.36,451
2.365,450
2.37,435
2.375,426
2.38,435
2.385,435
2.39,418
2.395,422
2.4,444
2.405,455
2.41,446
2.415,456
2.42,478
2.425,480
2.43,483
2.435,509
2.44,530
2.445,528
2.45,523
2.455,528
2.46,528
2.465,514
2.47,502
2.475,498
2.48,481
2.485,452
2.49,429
2.495,416
2.5,396
2.505,373
2.51,371
2.515,379
2.52,372
2.525,358
2.53,355
2.535,343
2.54,314
2.545,282
2.55,264
2.555,236
2.56,200
2.565,186
2.57,186
2.575,182
2.58,177
2.585,189
2.59,213
2.595,222
2.6,224
2.605,248
2.61,273
2.615,273
2.62,269
2.625,272
2.63,270
2.635,256
2.64,252
2.645,265
2.65,269
2.655,253
2.66,245
2.665,247
2.67,238
2.675,219
2.68,213
2.685,215
2.69,200
2.695,183
2.7,184
2.705,192
2.71,182
2.715,175
2.72,180
2.725,186
2.73,181
2.735,182
2.74,184
2.745,172
2.75,144
2.755,129
2.76,129
2.765,114
2.77,93
2.775,96
2.78,108
2.785,100
2.79,98
2.795,118
2.8,134
2.805,136
2.81,133
2.815,144
2.82,155
2.825,148
2.83,149
2.835,162
2.84,165
2.845,159
2.85,168
2.855,193
2.86,203
2.865,212
2.87,237
2.875,268
2.88,287
2.885,299
2.89,324
2.895,346
2.9,349
2.905,354
2.91,379
2.915,390
2.92,384
2.925,388
2.93,398
2.935,396
2.94,385
2.945,384
2.95,388
2.955,378
2.96,363
2.965,369
2.97,381
2.975,374
2.98,361
2.985,366
2.99,375
2.995,374
3,377
3.005,394
3.01,407
3.015,415
3.02,434
3.025,464
3.03,476
3.035,465
3.04,472
3.045,483
3.05,470
3.055,448
3.06,448
3.065,448
3.07,424
3.075,406
3.08,408
3.085,404
3.09,386
3.095,371
3.1,367
3.105,333
3.11,282
3.115,268
3.12,286
3.125,305
3.13,384
3.135,492
3.14,505
3.145,426
3.15,355
3.155,354
3.16,344
3.165,309
3.17,287
3.175,296
3.18,300
3.185,286
3.19,290
3.195,316
3.2,323
3.205,317
3.21,332
3.215,359
3.22,363
3.225,367
3.23,387
3.235,409
3.24,412
3.245,413
3.25,436
3.255,452
3.26,442
3.265,439
3.27,459
3.275,462
3.28,444
3.285,441
3.29,453
3.295,444
3.3,423
3.305,424
3.31,434
3.315,424
3.32,417
3.325,436
3.33,451
3.335,440
3.34,439
3.345,460
3.35,473
3.355,466
3.36,473
3.365,502
3.37,514
3.375,501
3.38,511
3.385,535
3.39,538
3.395,530
3.4,542
3.405,559
3.41,545
3.415,533
3.42,536
3.425,533
3.43,508
3.435,489
3.44,496
3.445,496
3.45,473
3.455,461
3.46,471
3.465,470
3.47,455
3.475,452
3.48,461
3.485,448
3.49,429
3.495,430
3.5,434
3.505,416
3.51,400
3.515,409
3.52,411
3.525,388
3.53,376
3.535,383
3.54,376
3.545,351
3.55,343
3.555,351
3.56,338
3.565,314
3.57,319
3.575,335
3.58,324
3.585,309
3.59,318
3.595,324
3.6,309
3.605,295
3.61,308
3.615,310
3.62,292
3.625,288
3.63,308
3.635,310
3.64,293
3.645,299
3.65,321
3.655,319
3.66,309
3.665,321
3.67,341
3.675,333
3.68,323
3.685,335
3.69,345
3.695,332
3.7,330
3.705,347
3.71,349
3.715,333
3.72,337
3.725,357
3.73,356
3.735,341
3.74,351
3.745,376
3.75,379
3.755,372
3.76,381
3.765,395
3.77,384
3.775,370
3.78,381
3.785,388
3.79,365
3.795,353
3.8,371
3.805,366
3.81,341
3.815,342
3.82,364
3.825,358
3.83,337
3.835,343
3.84,356
3.845,335
3.85,314
3.855,320
3.86,322
3.865,291
3.87,266
3.875,275
3.88,276
3.885,256
3.89,252
3.895,267
3.9,262
3.905,235
3.91,233
3.915,250
3.92,244
3.925,230
3.93,245
3.935,268
3.94,269
3.945,268
3.95,291
3.955,301
3.96,276
3.965,266
3.97,291
3.975,303
3.98,294
3.985,306
3.99,348
3.995,361
4,347
4.005,357
4.01,371
4.015,353
4.02,333
4.025,339
4.03,348
4.035,326
4.04,308
4.045,318
4.05,320
4.055,301
4.06,298
4.065,321
4.07,327
4.075,304
4.08,301
4.085,315
4.09,303
4.095,275
4.1,276
4.105,289
4.11,270
4.115,229
4.12,207
4.125,205
4.13,195
4.135,224
4.14,334
4.145,455
4.15,443
4.155,375
4.16,329
4.165,308
4.17,285
4.175,265
4.18,269
4.185,258
4.19,244
4.195,250
4.2,260
4.205,245
4.21,222
4.215,224
4.22,230
4.225,210
4.23,196
4.235,214
4.24,215
4.245,190
4.25,188
4.255,210
4.26,211
4.265,192
4.27,198
4.275,212
4.28,204
4.285,190
4.29,206
4.295,229
4.3,223
4.305,225
4.31,243
4.315,260
4.32,253
4.325,250
4.33,263
4.335,256
4.34,234
4.345,235
4.35,251
4.355,241
4.36,219
4.365,219
4.37,223
4.375,200
4.38,164
4.385,156
4.39,156
4.395,139
4.4,136
4.405,158
4.41,139
4.415,60
4.42,0
4.425,0
4.43,0
4.435,0
4.44,0
4.445,15
4.45,44
4.455,62
4.46,93
4.465,133
4.47,153
4.475,167
4.48,201
4.485,236
4.49,237
4.495,230
4.5,237
4.505,240
4.51,222
4.515,211
4.52,218
4.525,207
4.53,176
4.535,163
4.54,168
4.545,157
4.55,138
4.555,147
4.56,168
4.565,175
4.57,186
4.575,231
4.58,289
4.585,329
4.59,369
4.595,427
4.6,467
4.605,478
4.61,494
4.615,528
4.62,548
4.625,547
4.63,562
4.635,589
4.64,595
4.645,588
4.65,607
4.655,633
4.66,635
4.665,632
4.67,655
4.675,665
4.68,664
4.685,664
4.69,667
4.695,669
4.7,667
4.705,668
4.71,665
4.715,663
4.72,663
4.725,663
4.73,663
4.735,663
4.74,662
4.745,662
4.75,661
4.755,653
4.76,624
4.765,615
4.77,612
4.775,591
4.78,582
4.785,594
4.79,599
4.795,586
4.8,586
4.805,610
4.81,616
4.815,609
4.82,620
4.825,641
4.83,638
4.835,624
4.84,623
4.845,617
4.85,596
4.855,576
4.86,569
4.865,555
4.87,525
4.875,507
4.88,504
4.885,493
4.89,472
4.895,467
4.9,471
4.905,466
4.91,454
4.915,460
4.92,472
4.925,468
4.93,460
4.935,467
4.94,470
4.945,450
4.95,437
4.955,436
4.96,426
4.965,403
4.97,388
4.975,389
4.98,384
4.985,372
4.99,384
4.995,402
5,398
5.005,381
5.01,383
5.015,387
5.02,361
5.025,341
5.03,344
5.035,341
5.04,319
5.045,306
5.05,312
5.055,308
5.06,287
5.065,278
5.07,288
5.075,284
5.08,267
5.085,265
5.09,273
5.095,260
5.1,246
5.105,249
5.11,251
5.115,219
5.12,166
5.125,151
5.13,154
5.135,159
5.14,224
5.145,356
5.15,377
5.155,293
5.16,202
5.165,151
5.17,98
5.175,24
5.18,0
5.185,8
5.19,25
5.195,26
5.2,46
5.205,75
5.21,94
5.215,125
5.22,174
5.225,215
5.23,225
5.235,227
5.24,241
5.245,242
5.25,229
5.255,228
5.26,234
5.265,222
5.27,204
5.275,204
5.28,211
5.285,200
5.29,187
5.295,198
5.3,217
5.305,219
5.31,228
5.315,258
5.32,285
5.325,290
5.33,307
5.335,333
5.34,347
5.345,346
5.35,358
5.355,382
5.36,381
5.365,377
5.37,394
5.375,412
5.38,411
5.385,413
5.39,435
5.395,458
5.4,455
5.405,455
5.41,474
5.415,477
5.42,454
5.425,448
5.43,460
5.435,452
5.44,437
5.445,441
5.45,456
5.455,446
5.46,434
5.465,440
5.47,456
5.475,450
5.48,440
5.485,446
5.49,445
5.495,421
5.5,409
5.505,413
5.51,403
5.515,378
5.52,370
5.525,375
5.53,360
5.535,336
5.54,329
5.545,330
5.55,312
5.555,296
5.56,304
5.565,309
5.57,289
5.575,273
5.58,279
5.585,276
5.59,259
5.595,248
5.6,249
5.605,242
5.61,221
5.615,222
5.62,240
5.625,233
5.63,221
5.635,236
5.64,249
5.645,242
5.65,239
5.655,258
5.66,270
5.665,256
5.67,250
5.675,264
5.68,267
5.685,254
5.69,253
5.695,268
5.7,268
5.705,255
5.71,261
5.715,280
5.72,274
5.725,265
5.73,286
5.735,311
5.74,304
5.745,305
5.75,335
5.755,353
5.76,347
5.765,355
5.77,389
5.775,402
5.78,398
5.785,406
5.79,431
5.795,426
5.8,403
5.805,407
5.81,417
5.815,398
5.82,376
5.825,378
5.83,374
5.835,344
5.84,326
5.845,334
5.85,328
5.855,302
5.86,294
5.865,311
5.87,308
5.875,286
5.88,293
5.885,318
5.89,312
5.895,298
5.9,316
5.905,335
5.91,328
5.915,323
5.92,341
5.925,359
5.93,350
5.935,352
5.94,376
5.945,389
5.95,377
5.955,380
5.96,403
5.965,399
5.97,381
5.975,388
5.98,407
5.985,395
5.99,371
5.995,380
6,392
6.005,374
6.01,358
6.015,366
6.02,367
6.025,344
6.03,336
6.035,351
6.04,350
6.045,326
6.05,325
6.055,342
6.06,335
6.065,314
6.07,321
6.075,329
6.08,308
6.085,297
6.09,314
6.095,331
6.1,311
6.105,297
6.11,310
6.115,314
6.12,287
6.125,277
6.13,297
6.135,294
6.14,280
6.145,292
6.15,320
6.155,319
6.16,306
6.165,324
6.17,351
6.175,358
6.18,364
6.185,397
6.19,423
6.195,412
6.2,409
6.205,435
6.21,442
6.215,402
6.22,373
6.225,386
6.23,387
6.235,393
6.24,488
6.245,635
6.25,645
6.255,559
6.26,497
6.265,481
6.27,440
6.275,386
6.28,376
6.285,372
6.29,350
6.295,338
6.3,354
6.305,357
6.31,337
6.315,342
6.32,363
6.325,358
6.33,338
6.335,345
6.34,359
6.345,342
6.35,323
6.355,337
6.36,347
6.365,325
6.37,314
6.375,331
6.38,336
6.385,317
6.39,313
6.395,330
6.4,324
6.405,299
6.41,301
6.415,318
6.42,302
6.425,280
6.43,292
6.435,310
6.44,297
6.445,293
6.45,319
6.455,335
6.46,318
6.465,316
6.47,345
6.475,358
6.48,343
6.485,348
6.49,371
6.495,371
6.5,356
6.505,364
6.51,378
6.515,359
6.52,329
6.525,327
6.53,319
6.535,284
6.54,256
6.545,256
6.55,250
6.555,221
6.56,206
6.565,217
6.57,213
6.575,188
6.58,185
6.585,200
6.59,193
6.595,171
6.6,180
6.605,199
6.61,191
6.615,179
6.62,206
6.625,231
6.63,222
6.635,226
6.64,260
6.645,281
6.65,271
6.655,269
6.66,290
6.665,290
6.67,267
6.675,266
6.68,278
6.685,264
6.69,242
6.695,252
6.7,269
6.705,262
6.71,255
6.715,279
6.72,294
6.725,277
6.73,262
6.735,271
6.74,267
6.745,234
6.75,224
6.755,244
6.76,245
6.765,230
6.77,238
6.775,258
6.78,256
6.785,250
6.79,268
6.795,290
6.8,279
6.805,260
6.81,264
6.815,260
6.82,224
6.825,196
6.83,193
6.835,166
6.84,103
6.845,45
6.85,16
6.855,0
6.86,0
6.865,0
6.87,0
6.875,0
6.88,0
6.885,0
6.89,0
6.895,0
6.9,0
6.905,0
6.91,0
6.915,58
6.92,139
6.925,205
6.93,239
6.935,238
6.94,247
6.945,272
6.95,276
6.955,265
6.96,274
6.965,293
6.97,286
6.975,276
6.98,292
6.985,316
6.99,320
6.995,329
7,365
7.005,396
7.01,404
7.015,420
7.02,455
7.025,477
7.03,484
7.035,509
7.04,543
7.045,554
7.05,542
7.055,553
7.06,575
7.065,572
7.07,565
7.075,581
7.08,605
7.085,604
7.09,599
7.095,623
7.1,645
7.105,640
7.11,643
7.115,664
7.12,667
7.125,653
7.13,626
7.135,627
7.14,640
7.145,659
7.15,664
7.155,664
7.16,665
7.165,665
7.17,665
7.175,664
7.18,664
7.185,663
7.19,662
7.195,647
7.2,581
7.205,545
7.21,552
7.215,550
7.22,532
7.225,529
7.23,541
7.235,534
7.24,520
7.245,533
7.25,557
7.255,550
7.26,544
7.265,566
7.27,583
7.275,580
7.28,583
7.285,606
7.29,614
7.295,602
7.3,607
7.305,626
7.31,632
7.315,622
7.32,629
7.325,648
7.33,648
7.335,642
7.34,658
7.345,661
7.35,661
7.355,662
7.36,663
7.365,663
7.37,663
7.375,663
7.38,664
7.385,667
7.39,663
7.395,663
7.4,662
7.405,646
7.41,577
7.415,528
7.42,503
7.425,463
7.43,421
7.435,397
7.44,379
7.445,353
7.45,336
7.455,339
7.46,336
7.465,325
7.47,321
7.475,335
7.48,339
7.485,326
7.49,325
7.495,335
7.5,326
7.505,311
7.51,314
7.515,326
7.52,320
7.525,316
7.53,328
7.535,331
7.54,312
7.545,292
7.55,291
7.555,277
7.56,247
7.565,226
7.57,223
7.575,210
7.58,189
7.585,178
7.59,178
7.595,164
7.6,146
7.605,146
7.61,149
7.615,135
7.62,119
7.625,118
7.63,112
7.635,91
7.64,78
7.645,84
7.65,80
7.655,62
7.66,56
7.665,65
7.67,61
7.675,47
7.68,51
7.685,62
7.69,59
7.695,46
7.7,46
7.705,49
7.71,34
7.715,21
7.72,33
7.725,40
7.73,34
7.735,31
7.74,47
7.745,60
7.75,54
7.755,69
7.76,105
7.765,127
7.77,133
7.775,153
7.78,184
7.785,194
7.79,193
7.795,204
7.8,229
7.805,233
7.81,237
7.815,268
7.82,297
7.825,302
7.83,314
7.835,344
7.84,360
7.845,353
7.85,356
7.855,373
7.86,370
7.865,357
7.87,364
7.875,374
7.88,365
7.885,350
7.89,358
7.895,370
7.9,362
7.905,358
7.91,371
7.915,381
7.92,370
7.925,370
7.93,382
7.935,381
7.94,374
7.945,382
7.95,398
7.955,394
7.96,383
7.965,391
7.97,409
7.975,406
7.98,391
7.985,396
7.99,407
7.995,395
8,390
8.005,409
8.01,423
8.015,409
8.02,413
8.025,442
8.03,449
8.035,432
8.04,430
8.045,442
8.05,429
8.055,394
8.06,384
8.065,388
8.07,370
8.075,347
8.08,351
8.085,358
8.09,345
8.095,345
8.1,364
8.105,377
8.11,362
8.115,364
8.12,389
8.125,386
8.13,369
8.135,375
8.14,390
8.145,368
8.15,324
8.155,324
8.16,350
8.165,370
8.17,451
8.175,605
8.18,649
8.185,576
8.19,489
8.195,465
8.2,444
8.205,388
8.21,368
8.215,379
8.22,374
8.225,345
8.23,346
8.235,362
8.24,345
8.245,333
8.25,341
8.255,347
8.26,330
8.265,321
8.27,342
8.275,346
8.28,330
8.285,335
8.29,364
8.295,372
8.3,360
8.305,371
8.31,395
8.315,390
8.32,376
8.325,391
8.33,408
8.335,399
8.34,392
8.345,406
8.35,413
8.355,402
8.36,401
8.365,423
8.37,430
8.375,410
8.38,408
8.385,426
8.39,424
8.395,406
8.4,412
8.405,430
8.41,421
8.415,404
8.42,411
8.425,422
8.43,402
8.435,386
8.44,399
8.445,401
8.45,369
8.455,349
8.46,355
8.465,343
8.47,317
8.475,315
8.48,332
8.485,318
8.49,293
8.495,308
8.5,328
8.505,315
8.51,303
8.515,321
8.52,333
8.525,317
8.53,306
8.535,326
8.54,330
8.545,306
8.55,303
8.555,322
8.56,320
8.565,300
8.57,311
8.575,336
8.58,330
8.585,316
8.59,330
8.595,350
8.6,345
8.605,331
8.61,341
8.615,347
8.62,326
8.625,319
8.63,337
8.635,335
8.64,311
8.645,309
8.65,333
8.655,323
8.66,298
8.665,305
8.67,323
8.675,307
8.68,285
8.685,295
8.69,304
8.695,285
8.7,273
8.705,288
8.71,289
8.715,263
8.72,247
8.725,259
8.73,253
8.735,227
8.74,224
8.745,240
8.75,232
8.755,208
8.76,219
8.765,238
8.77,227
8.775,218
8.78,244
8.785,271
8.79,265
8.795,272
8.8,307
8.805,327
8.81,318
8.815,325
8.82,355
8.825,358
8.83,344
8.835,351
8.84,370
8.845,363
8.85,341
8.855,341
8.86,346
8.865,324
8.87,305
8.875,314
8.88,315
8.885,285
8.89,272
8.895,294
8.9,302
8.905,278
8.91,273
8.915,286
8.92,274
8.925,244
8.93,245
8.935,262
8.94,246
8.945,223
8.95,231
8.955,239
8.96,220
8.965,204
8.97,217
8.975,220
8.98,199
8.985,193
8.99,207
8.995,205
9,185
9.005,188
9.01,202
9.015,190
9.02,169
9.025,178
9.03,194
9.035,182
9.04,172
9.045,193
9.05,208
9.055,197
9.06,196
9.065,217
9.07,219
9.075,208
9.08,214
9.085,239
9.09,241
9.095,211
9.1,210
9.105,225
9.11,223
9.115,221
9.12,253
9.125,294
9.13,298
9.135,299
9.14,333
9.145,367
9.15,378
9.155,402
9.16,441
9.165,434
9.17,364
9.175,309
9.18,286
9.185,265
9.19,286
9.195,399
9.2,452
9.205,396
9.21,301
9.215,243
9.22,214
9.225,147
9.23,95
9.235,90
9.24,93
9.245,75
9.25,71
9.255,86
9.26,86
9.265,61
9.27,45
9.275,51
9.28,42
9.285,29
9.29,46
9.295,83
9.3,101
9.305,110
9.31,146
9.315,185
9.32,204
9.325,228
9.33,272
9.335,303
9.34,310
9.345,329
9.35,362
9.355,379
9.36,372
9.365,376
9.37,395
9.375,396
9.38,381
9.385,377
9.39,386
9.395,376
9.4,356
9.405,359
9.41,366
9.415,358
9.42,355
9.425,373
9.43,387
9.435,386
9.44,399
9.445,425
9.45,432
9.455,426
9.46,441
9.465,459
9.47,457
9.475,450
9.48,464
9.485,476
9.49,466
9.495,460
9.5,473
9.505,485
9.51,482
9.515,478
9.52,497
9.525,506
9.53,499
9.535,499
9.54,516
9.545,519
9.55,504
9.555,512
9.56,527
9.565,522
9.57,513
9.575,514
9.58,523
9.585,515
9.59,506
9.595,514
9.6,518
9.605,504
9.61,496
9.615,504
9.62,505
9.625,493
9.63,493
9.635,506
9.64,505
9.645,493
9.65,499
9.655,515
9.66,511
9.665,502
9.67,514
9.675,527
9.68,518
9.685,515
9.69,530
9.695,534
9.7,517
9.705,504
9.71,512
9.715,509
9.72,493
9.725,491
9.73,495
9.735,481
9.74,465
9.745,467
9.75,469
9.755,451
9.76,434
9.765,437
9.77,438
9.775,420
9.78,410
9.785,416
9.79,419
9.795,408
9.8,409
9.805,421
9.81,419
9.815,407
9.82,409
9.825,419
9.83,415
9.835,406
9.84,413
9.845,419
9.85,405
9.855,393
9.86,397
9.865,396
9.87,380
9.875,371
9.88,378
9.885,376
9.89,360
9.895,356
9.9,367
9.905,364
9.91,350
9.915,345
9.92,345
9.925,323
9.93,301
9.935,311
9.94,331
9.945,336
9.95,351
9.955,378
9.96,400
9.965,401
9.97,410
9.975,431
9.98,441
9.985,435
9.99,439
9.995,451
10,446
10.005,432
10.01,431
10.015,427
10.02,406
10.025,384
10.03,377
10.035,369
10.04,340
10.045,308
10.05,291
10.055,268
10.06,234
10.065,206
10.07,190
10.075,147
10.08,89
10.085,76
10.09,97
10.095,124
10.1,218
10.105,365
10.11,402
10.115,334
10.12,262
10.125,256
10.13,249
10.135,220
10.14,216
10.145,249
10.15,270
10.155,266
10.16,274
10.165,292
10.17,298
10.175,291
10.18,298
10.185,315
10.19,311
10.195,296
10.2,299
10.205,305
10.21,289
10.215,275
10.22,280
10.225,283
10.23,270
10.235,267
10.24,282
10.245,289
10.25,281
10.255,284
10.26,304
10.265,315
10.27,317
10.275,336
10.28,359
10.285,357
10.29,356
10.295,378
10.3,393
10.305,386
10.31,388
10.315,411
10.32,426
10.325,419
10.33,423
10.335,448
10.34,456
10.345,449
10.35,453
10.355,472
10.36,469
10.365,452
10.37,458
10.375,463
10.38,439
10.385,415
10.39,415
10.395,414
10.4,391
10.405,377
10.41,390
10.415,391
10.42,384
10.425,392
10.43,410
10.435,410
10.44,392
10.445,400
10.45,409
10.455,396
10.46,384
10.465,391
10.47,400
10.475,384
10.48,373
10.485,385
10.49,391
10.495,376
10.5,378
10.505,399
10.51,394
10.515,374
10.52,372
10.525,383
10.53,369
10.535,339
10.54,337
10.545,341
10.55,320
10.555,302
10.56,309
10.565,318
10.57,304
10.575,297
10.58,310
10.585,310
10.59,299
10.595,301
10.6,315
10.605,316
10.61,302
10.615,302
10.62,314
10.625,310
10.63,299
10.635,308
10.64,324
10.645,319
10.65,319
10.655,337
10.66,347
10.665,334
10.67,331
10.675,354
10.68,358
10.685,342
10.69,344
10.695,361
10.7,350
10.705,328
10.71,331
10.715,344
10.72,334
10.725,315
10.73,326
10.735,329
10.74,306
10.745,292
10.75,306
10.755,307
10.76,285
10.765,280
10.77,295
10.775,291
10.78,277
10.785,285
10.79,307
10.795,310
10.8,307
10.805,332
10.81,363
10.815,354
10.82,348
10.825,378
10.83,400
10.835,390
10.84,390
10.845,419
10.85,428
10.855,406
10.86,403
10.865,420
10.87,422
10.875,404
10.88,407
10.885,422
10.89,409
10.895,390
10.9,399
10.905,408
10.91,387
10.915,377
10.92,391
10.925,392
10.93,374
10.935,368
10.94,380
10.945,375
10.95,349
10.955,350
10.96,363
10.965,349
10.97,334
10.975,342
10.98,357
10.985,339
10.99,322
10.995,329
11,335
11.005,315
11.01,302
11.015,316
11.02,320
11.025,304
11.03,300
11.035,317
11.04,311
11.045,289
11.05,292
11.055,310
11.06,302
11.065,284
11.07,294
11.075,314
11.08,303
11.085,286
11.09,299
11.095,317
11.1,302
11.105,299
11.11,323
11.115,332
11.12,321
11.125,335
11.13,367
11.135,365
11.14,341
11.145,350
11.15,370
11.155,364
11.16,359
11.165,379
11.17,395
11.175,383
11.18,367
11.185,375
11.19,374
11.195,350
11.2,342
11.205,360
11.21,360
11.215,340
11.22,337
11.225,348
11.23,330
11.235,274
11.24,246
11.245,251
11.25,245
11.255,261
11.26,377
11.265,505
11.27,500
11.275,430
11.28,397
11.285,387
11.29,344
11.295,315
11.3,319
11.305,318
11.31,298
11.315,297
11.32,318
11.325,314
11.33,300
11.335,319
11.34,345
11.345,338
11.35,328
11.355,346
11.36,357
11.365,337
11.37,330
11.375,347
11.38,349
11.385,322
11.39,315
11.395,331
11.4,328
11.405,311
11.41,316
11.415,327
11.42,315
11.425,297
11.43,305
11.435,319
11.44,302
11.445,287
11.45,305
11.455,312
11.46,292
11.465,291
11.47,313
11.475,317
11.48,299
11.485,308
11.49,329
11.495,323
11.5,309
11.505,319
11.51,338
11.515,329
11.52,311
11.525,328
11.53,334
11.535,319
11.54,305
11.545,305
11.55,294
11.555,255
11.56,229
11.565,228
11.57,219
11.575,193
11.58,207
11.585,227
11.59,219
11.595,203
11.6,223
11.605,257
11.61,257
11.615,254
11.62,263
11.625,256
11.63,229
11.635,211
11.64,218
11.645,203
11.65,166
11.655,143
11.66,138
11.665,112
11.67,56
11.675,38
11.68,47
11.685,27
11.69,18
11.695,63
11.7,121
11.705,140
11.71,150
11.715,177
11.72,194
11.725,182
11.73,176
11.735,188
11.74,176
11.745,144
11.75,127
11.755,126
11.76,106
11.765,78
11.77,73
11.775,83
11.78,79
11.785,70
11.79,91
11.795,114
11.8,118
11.805,130
11.81,164
11.815,195
11.82,211
11.825,235
11.83,281
11.835,304
11.84,297
11.845,299
11.85,310
11.855,302
11.86,282
11.865,280
11.87,285
11.875,266
11.88,251
11.885,265
11.89,281
11.895,285
11.9,297
11.905,339
11.91,377
11.915,399
11.92,433
11.925,481
11.93,517
11.935,533
11.94,560
11.945,600
11.95,623
11.955,627
11.96,647
11.965,665
11.97,666
11.975,661
11.98,666
11.985,661
11.99,658
11.995,653
12,653
12.005,642
12.01,615
12.015,602
12.02,604
12.025,588
12.03,560
12.035,553
12.04,557
12.045,540
12.05,514
12.055,512
12.06,512
12.065,491
12.07,477
12.075,485
12.08,486
12.085,467
12.09,463
12.095,479
12.1,488
12.105,477
12.11,476
12.115,487
12.12,477
12.125,453
12.13,457
12.135,472
12.14,465
12.145,455
12.15,465
12.155,482
12.16,470
12.165,462
12.17,476
12.175,483
12.18,474
12.185,478
12.19,499
12.195,499
12.2,483
12.205,483
12.21,493
12.215,478
12.22,437
12.225,411
12.23,407
12.235,405
12.24,429
12.245,542
12.25,661
12.255,659
12.26,607
12.265,547
12.27,525
12.275,498
12.28,472
12.285,477
12.29,476
12.295,465
12.3,470
12.305,487
12.31,485
12.315,477
12.32,482
12.325,487
12.33,475
12.335,463
12.34,471
12.345,477
12.35,461
12.355,449
12.36,451
12.365,441
12.37,412
12.375,394
12.38,386
12.385,371
12.39,353
12.395,357
12.4,369
12.405,373
12.41,383
12.415,415
12.42,440
12.425,440
12.43,445
12.435,461
12.44,458
12.445,438
12.45,425
12.455,423
12.46,407
12.465,377
12.47,359
12.475,350
12.48,327
12.485,300
12.49,289
12.495,284
12.5,262
12.505,241
12.51,240
12.515,236
12.52,211
12.525,190
12.53,188
12.535,180
12.54,167
12.545,158
12.55,161
12.555,160
12.56,149
12.565,154
12.57,167
12.575,159
12.58,145
12.585,155
12.59,177
12.595,194
12.6,210
12.605,242
12.61,264
12.615,264
12.62,274
12.625,294
12.63,296
12.635,281
12.64,282
12.645,293
12.65,279
12.655,261
12.66,261
12.665,267
12.67,250
12.675,230
12.68,236
12.685,245
12.69,237
12.695,230
12.7,246
12.705,258
12.71,252
12.715,259
12.72,282
12.725,292
12.73,289
12.735,299
12.74,318
12.745,315
12.75,313
12.755,323
12.76,333
12.765,323
12.77,313
12.775,320
12.78,326
12.785,311
12.79,302
12.795,316
12.8,316
12.805,292
12.81,288
12.815,308
12.82,312
12.825,301
12.83,311
12.835,332
12.84,329
12.845,317
12.85,330
12.855,348
12.86,343
12.865,339
12.87,367
12.875,386
12.88,381
12.885,389
12.89,413
12.895,412
12.9,389
12.905,392
12.91,407
12.915,395
12.92,371
12.925,372
12.93,382
12.935,372
12.94,364
12.945,378
12.95,389
12.955,376
12.96,383
12.965,407
12.97,404
12.975,383
12.98,378
12.985,387
12.99,372
12.995,339
13,332
13.005,334
13.01,308
13.015,288
13.02,303
13.025,315
13.03,299
13.035,291
13.04,309
13.045,320
13.05,306
13.055,301
13.06,323
13.065,326
13.07,309
13.075,311
13.08,333
13.085,325
13.09,280
13.095,260
13.1,273
13.105,277
13.11,313
13.115,446
13.12,569
13.125,550
13.13,460
13.135,402
13.14,386
13.145,345
13.15,317
13.155,309
13.16,294
13.165,271
13.17,276
13.175,293
13.18,285
13.185,271
13.19,290
13.195,310
13.2,298
13.205,283
13.21,301
13.215,318
13.22,306
13.225,314
13.23,349
13.235,357
13.24,348
13.245,360
13.25,394
13.255,401
13.26,380
13.265,392
13.27,419
13.275,415
13.28,402
13.285,418
13.29,437
13.295,421
13.3,414
13.305,437
13.31,451
13.315,437
13.32,438
13.325,464
13.33,474
13.335,457
13.34,461
13.345,483
13.35,479
13.355,466
13.36,474
13.365,492
13.37,482
13.375,465
13.38,477
13.385,479
13.39,450
13.395,427
13.4,429
13.405,425
13.41,390
13.415,378
13.42,392
13.425,384
13.43,359
13.435,359
13.44,376
13.445,365
13.45,344
13.455,349
13.46,358
13.465,333
13.47,314
13.475,323
13.48,325
13.485,297
13.49,283
13.495,293
13.5,291
13.505,266
13.51,268
13.515,288
13.52,283
13.525,268
13.53,274
13.535,294
13.54,284
13.545,275
13.55,298
13.555,317
13.56,307
13.565,305
13.57,325
13.575,332
13.58,320
13.585,319
13.59,336
13.595,336
13.6,321
13.605,324
13.61,340
13.615,339
13.62,328
13.625,336
13.63,348
13.635,338
13.64,326
13.645,351
13.65,370
13.655,353
13.66,347
13.665,375
13.67,386
13.675,361
13.68,363
13.685,386
13.69,380
13.695,353
13.7,357
13.705,371
13.71,363
13.715,343
13.72,351
13.725,362
13.73,342
13.735,327
13.74,335
13.745,332
13.75,302
13.755,278
13.76,290
13.765,290
13.77,258
13.775,251
13.78,267
13.785,274
13.79,270
13.795,292
13.8,319
13.805,321
13.81,319
13.815,341
13.82,356
13.825,338
13.83,322
13.835,331
13.84,332
13.845,301
13.85,291
13.855,306
13.86,309
13.865,304
13.87,319
13.875,346
13.88,341
13.885,320
13.89,319
13.895,323
13.9,300
13.905,279
13.91,288
13.915,299
13.92,278
13.925,278
13.93,298
13.935,293
13.94,270
13.945,266
13.95,275
13.955,257
13.96,223
13.965,217
13.97,221
13.975,195
13.98,164
13.985,169
13.99,184
13.995,169
14,162
14.005,191
14.01,212
14.015,207
14.02,223
14.025,265
14.03,282
14.035,276
14.04,288
14.045,301
14.05,276
14.055,243
14.06,258
14.065,303
14.07,366
14.075,460
14.08,496
14.085,450
14.09,361
14.095,321
14.1,339
14.105,339
14.11,320
14.115,321
14.12,347
14.125,347
14.13,338
14.135,354
14.14,387
14.145,391
14.15,379
14.155,377
14.16,366
14.165,313
14.17,251
14.175,210
14.18,165
14.185,83
14.19,0
14.195,0
14.2,0
14.205,0
14.21,0
14.215,0
14.22,0
14.225,0
14.23,0
14.235,0
14.24,0
14.245,0
14.25,0
14.255,0
14.26,0
14.265,0
14.27,47
14.275,112
14.28,129
14.285,141
14.29,178
14.295,213
14.3,224
14.305,244
14.31,286
14.315,321
14.32,335
14.325,359
14.33,392
14.335,402
14.34,398
14.345,410
14.35,429
14.355,424
14.36,411
14.365,418
14.37,423
14.375,398
14.38,377
14.385,377
14.39,366
14.395,332
14.4,306
14.405,300
14.41,279
14.415,247
14.42,231
14.425,228
14.43,211
14.435,190
14.44,198
14.445,219
14.45,220
14.455,225
14.46,258
14.465,299
14.47,318
14.475,346
14.48,391
14.485,425
14.49,439
14.495,464
14.5,504
14.505,529
14.51,533
14.515,557
14.52,587
14.525,595
14.53,595
14.535,610
14.54,627
14.545,610
14.55,595
14.555,597
14.56,595
14.565,570
14.57,552
14.575,552
14.58,541
14.585,513
14.59,499
14.595,505
14.6,491
14.605,467
14.61,466
14.615,475
14.62,461
14.625,445
14.63,450
14.635,456
14.64,441
14.645,429
14.65,442
14.655,452
14.66,444
14.665,451
14.67,478
14.675,494
14.68,495
14.685,514
14.69,544
14.695,553
14.7,543
14.705,559
14.71,583
14.715,577
14.72,569
14.725,577
14.73,584
14.735,564
14.74,550
14.745,560
14.75,559
14.755,531
14.76,519
14.765,528
14.77,523
14.775,503
14.78,499
14.785,507
14.79,490
14.795,461
14.8,453
14.805,454
14.81,434
14.815,408
14.82,402
14.825,386
14.83,368
14.835,372
14.84,396
14.845,406
14.85,388
14.855,369
14.86,350
14.865,303
14.87,247
14.875,211
14.88,179
14.885,129
14.89,85
14.895,75
14.9,89
14.905,99
14.91,117
14.915,162
14.92,212
14.925,247
14.93,274
14.935,293
14.94,305
14.945,319
14.95,360
14.955,450
14.96,592
14.965,662
14.97,618
14.975,526
14.98,441
14.985,398
14.99,356
14.995,317
15,274
15.005,255
15.01,245
15.015,228
15.02,202
15.025,198
15.03,210
15.035,203
15.04,182
15.045,179
15.05,185
15.055,175
15.06,161
15.065,164
15.07,177
15.075,179
15.08,186
15.085,212
15.09,240
15.095,250
15.1,266
15.105,298
15.11,313
15.115,315
15.12,334
15.125,355
15.13,359
15.135,352
15.14,361
15.145,373
15.15,366
15.155,360
15.16,369
15.165,368
15.17,344
15.175,324
15.18,321
15.185,312
15.19,288
15.195,277
15.2,288
15.205,289
15.21,280
15.215,287
15.22,307
15.225,305
15.23,298
15.235,308
15.24,318
15.245,309
15.25,295
15.255,302
15.26,305
15.265,289
15.27,282
15.275,291
15.28,291
15.285,275
15.29,272
15.295,284
15.3,284
15.305,265
15.31,264
15.315,285
15.32,285
15.325,283
15.33,307
15.335,333
15.34,337
15.345,350
15.35,393
15.355,424
15.36,434
15.365,465
15.37,508
15.375,540
15.38,555
15.385,568
15.39,607
15.395,622
15.4,606
15.405,612
15.41,628
15.415,602
15.42,568
15.425,556
15.43,550
15.435,528
15.44,519
15.445,526
15.45,513
15.455,476
15.46,452
15.465,449
15.47,431
15.475,393
15.48,380
15.485,388
15.49,377
15.495,353
15.5,359
15.505,379
15.51,366
15.515,356
15.52,376
15.525,388
15.53,377
15.535,379
15.54,407
15.545,417
15.55,408
15.555,424
15.56,448
15.565,451
15.57,447
15.575,464
15.58,489
15.585,492
15.59,485
15.595,501
15.6,517
15.605,501
15.61,483
15.615,487
15.62,473
15.625,440
15.63,417
15.635,417
15.64,395
15.645,352
15.65,331
15.655,322
15.66,294
15.665,267
15.67,259
15.675,256
15.68,228
15.685,204
15.69,214
15.695,228
15.7,214
15.705,219
15.71,257
15.715,285
15.72,280
15.725,293
15.73,334
15.735,347
15.74,341
15.745,363
15.75,395
15.755,401
15.76,391
15.765,415
15.77,440
15.775,432
15.78,430
15.785,446
15.79,439
15.795,396
15.8,384
15.805,423
15.81,471
15.815,554
15.82,663
15.825,664
15.83,663
15.835,653
15.84,597
15.845,558
15.85,502
15.855,465
15.86,474
15.865,491
15.87,474
15.875,463
15.88,478
15.885,486
15.89,466
15.895,471
15.9,499
15.905,503
15.91,481
15.915,479
15.92,492
15.925,479
15.93,448
15.935,444
15.94,444
15.945,415
15.95,399
15.955,410
15.96,408
15.965,386
15.97,379
15.975,397
15.98,397
15.985,367
15.99,360
15.995,380
16,377
16.005,348
16.01,355
16.015,373
16.02,357
16.025,332
16.03,339
16.035,361
16.04,347
16.045,332
16.05,344
16.055,350
16.06,334
16.065,331
16.07,350
16.075,353
16.08,328
16.085,327
16.09,339
16.095,328
16.1,298
16.105,293
16.11,295
16.115,269
16.12,245
16.125,255
16.13,261
16.135,236
16.14,221
16.145,237
16.15,238
16.155,212
16.16,206
16.165,226
16.17,230
16.175,219
16.18,233
16.185,260
16.19,250
16.195,231
16.2,245
16.205,268
16.21,262
16.215,258
16.22,287
16.225,302
16.23,291
16.235,291
16.24,312
16.245,314
16.25,290
16.255,286
16.26,304
16.265,298
16.27,284
16.275,299
16.28,324
16.285,317
16.29,300
16.295,311
16.3,320
16.305,294
16.31,274
16.315,282
16.32,276
16.325,249
16.33,242
16.335,257
16.34,250
16.345,221
16.35,213
16.355,228
16.36,228
16.365,212
16.37,229
16.375,258
16.38,252
16.385,243
16.39,269
16.395,284
16.4,271
16.405,269
16.41,288
16.415,288
16.42,263
16.425,254
16.43,264
16.435,255
16.44,219
16.445,206
16.45,200
16.455,175
16.46,150
16.465,151
16.47,159
16.475,138
16.48,112
16.485,118
16.49,124
16.495,118
16.5,119
16.505,148
16.51,168
16.515,172
16.52,200
16.525,227
16.53,226
16.535,217
16.54,233
16.545,252
16.55,230
16.555,190
16.56,174
16.565,144
16.57,79
16.575,20
16.58,0
16.585,0
16.59,0
16.595,0
16.6,0
16.605,0
16.61,0
16.615,0
16.62,0
16.625,0
16.63,0
16.635,0
16.64,10
16.645,75
16.65,115
16.655,161
16.66,198
16.665,203
16.67,207
16.675,235
16.68,266
16.685,275
16.69,296
16.695,346
16.7,386
16.705,401
16.71,422
16.715,461
16.72,472
16.725,463
16.73,475
16.735,493
16.74,489
16.745,465
16.75,448
16.755,431
16.76,396
16.765,365
16.77,350
16.775,323
16.78,254
16.785,203
16.79,195
16.795,196
16.8,232
16.805,356
16.81,447
16.815,419
16.82,338
16.825,305
16.83,319
16.835,308
16.84,300
16.845,324
16.85,361
16.855,373
16.86,391
16.865,435
16.87,467
16.875,474
16.88,489
16.885,523
16.89,538
16.895,541
16.9,554
16.905,577
16.91,576
16.915,561
16.92,567
16.925,578
16.93,560
16.935,537
16.94,544
16.945,550
16.95,531
16.955,515
16.96,519
16.965,514
16.97,490
16.975,473
16.98,474
16.985,460
16.99,435
16.995,429
17,435
17.005,417
17.01,394
17.015,394
17.02,398
17.025,382
17.03,369
17.035,383
17.04,392
17.045,380
17.05,383
17.055,410
17.06,426
17.065,431
17.07,449
17.075,476
17.08,477
17.085,460
17.09,464
17.095,474
17.1,459
17.105,448
17.11,461
17.115,467
17.12,449
17.125,441
17.13,456
17.135,462
17.14,443
17.145,432
17.15,430
17.155,414
17.16,389
17.165,391
17.17,413
17.175,423
17.18,433
17.185,471
17.19,512
17.195,524
17.2,527
17.205,538
17.21,540
17.215,532
17.22,527
17.225,538
17.23,541
17.235,530
17.24,526
17.245,533
17.25,531
17.255,525
17.26,534
17.265,549
17.27,553
17.275,552
17.28,570
17.285,591
17.29,592
17.295,590
17.3,608
17.305,618
17.31,603
17.315,594
17.32,603
17.325,598
17.33,573
17.335,560
17.34,557
17.345,535
17.35,510
17.355,503
17.36,499
17.365,479
17.37,457
17.375,453
17.38,447
17.385,420
17.39,401
17.395,398
17.4,384
17.405,351
17.41,327
17.415,314
17.42,292
17.425,254
17.43,234
17.435,226
17.44,213
17.445,211
17.45,222
17.455,238
17.46,236
17.465,234
17.47,254
17.475,276
17.48,273
17.485,281
17.49,302
17.495,309
17.5,299
17.505,303
17.51,317
17.515,311
17.52,299
17.525,307
17.53,319
17.535,308
17.54,296
17.545,299
17.55,302
17.555,282
17.56,264
17.565,269
17.57,266
17.575,243
17.58,230
17.585,240
17.59,240
17.595,220
17.6,222
17.605,232
17.61,226
17.615,213
17.62,233
17.625,266
17.63,285
17.635,319
17.64,379
17.645,437
17.65,467
17.655,498
17.66,547
17.665,568
17.67,550
17.675,544
17.68,554
17.685,539
17.69,507
17.695,493
17.7,487
17.705,445
17.71,410
17.715,415
17.72,391
17.725,348
17.73,321
17.735,326
17.74,332
17.745,310
17.75,299
17.755,294
17.76,267
17.765,241
17.77,250
17.775,303
17.78,403
17.785,487
17.79,473
17.795,405
17.8,318
17.805,276
17.81,260
17.815,236
17.82,197
17.825,181
17.83,195
17.835,195
17.84,176
17.845,177
17.85,203
17.855,211
17.86,198
17.865,211
17.87,238
17.875,235
17.88,221
17.885,241
17.89,265
17.895,253
17.9,241
17.905,267
17.91,285
17.915,274
17.92,276
17.925,304
17.93,315
17.935,306
17.94,315
17.945,338
17.95,347
17.955,335
17.96,355
17.965,381
17.97,377
17.975,360
17.98,372
17.985,391
17.99,381
17.995,371
18,387
18.005,389
18.01,369
18.015,353
18.02,365
18.025,358
18.03,327
18.035,326
18.04,339
18.045,325
18.05,302
18.055,305
18.06,311
18.065,288
18.07,262
18.075,269
18.08,280
18.085,269
18.09,259
18.095,280
18.1,289
18.105,276
18.11,285
18.115,313
18.12,313
18.125,294
18.13,305
18.135,329
18.14,323
18.145,309
18.15,321
18.155,339
18.16,325
18.165,318
18.17,338
18.175,348
18.18,334
18.185,332
18.19,347
18.195,350
18.2,333
18.205,341
18.21,367
18.215,365
18.22,351
18.225,365
18.23,388
18.235,383
18.24,372
18.245,392
18.25,403
18.255,386
18.26,374
18.265,386
18.27,383
18.275,360
18.28,353
18.285,377
18.29,379
18.295,354
18.3,351
18.305,367
18.31,357
18.315,340
18.32,354
18.325,368
18.33,352
18.335,343
18.34,369
18.345,384
18.35,373
18.355,373
18.36,398
18.365,404
18.37,380
18.375,377
18.38,393
18.385,384
18.39,360
18.395,356
18.4,371
18.405,356
18.41,331
18.415,342
18.42,356
18.425,336
18.43,316
18.435,325
18.44,327
18.445,295
18.45,275
18.455,282
18.46,270
18.465,238
18.47,236
18.475,277
18.48,287
18.485,272
18.49,276
18.495,285
18.5,272
18.505,268
18.51,296
18.515,317
18.52,309
18.525,311
18.53,343
18.535,356
18.54,343
18.545,347
18.55,373
18.555,372
18.56,353
18.565,366
18.57,406
18.575,404
18.58,382
18.585,389
18.59,396
18.595,375
18.6,349
18.605,362
18.61,347
18.615,298
18.62,290
18.625,308
18.63,298
18.635,267
18.64,265
18.645,284
18.65,274
18.655,246
18.66,246
18.665,253
18.67,241
18.675,222
18.68,233
18.685,247
18.69,226
18.695,187
18.7,175
18.705,177
18.71,177
18.715,236
18.72,380
18.725,450
18.73,393
18.735,300
18.74,247
18.745,214
18.75,156
18.755,132
18.76,137
18.765,130
18.77,115
18.775,122
18.78,132
18.785,109
18.79,80
18.795,80
18.8,79
18.805,56
18.81,63
18.815,96
18.82,104
18.825,90
18.83,99
18.835,131
18.84,131
18.845,112
18.85,102
18.855,89
18.86,61
18.865,35
18.87,51
18.875,72
18.88,57
18.885,46
18.89,61
18.895,66
18.9,50
18.905,52
18.91,73
18.915,80
18.92,71
18.925,78
18.93,100
18.935,104
18.94,96
18.945,101
18.95,113
18.955,103
18.96,95
18.965,127
18.97,170
18.975,192
18.98,224
18.985,284
18.99,325
18.995,331
19,340
19.005,362
19.01,367
19.015,363
19.02,374
19.025,396
19.03,401
19.035,403
19.04,433
19.045,467
19.05,474
19.055,479
19.06,511
19.065,548
19.07,553
19.075,551
19.08,569
19.085,575
19.09,555
19.095,541
19.1,533
19.105,503
19.11,465
19.115,443
19.12,438
19.125,422
19.13,405
19.135,416
19.14,429
19.145,428
19.15,431
19.155,455
19.16,473
19.165,478
19.17,494
19.175,520
19.18,530
19.185,520
19.19,523
19.195,539
19.2,534
19.205,509
19.21,504
19.215,507
19.22,488
19.225,463
19.23,453
19.235,446
19.24,421
19.245,400
19.25,388
19.255,366
19.26,340
19.265,321
19.27,321
19.275,309
19.28,284
19.285,280
19.29,286
19.295,279
19.3,270
19.305,281
19.31,295
19.315,288
19.32,285
19.325,303
19.33,318
19.335,314
19.34,317
19.345,344
19.35,362
19.355,365
19.36,382
19.365,418
19.37,435
19.375,439
19.38,460
19.385,488
19.39,490
19.395,484
19.4,498
19.405,509
19.41,492
19.415,470
19.42,470
19.425,463
19.43,433
19.435,412
19.44,391
19.445,361
19.45,333
19.455,333
19.46,355
19.465,353
19.47,348
19.475,366
19.48,400
19.485,417
19.49,438
19.495,484
19.5,526
19.505,542
19.51,551
19.515,575
19.52,589
19.525,583
19.53,583
19.535,591
19.54,585
19.545,568
19.55,562
19.555,565
19.56,560
19.565,543
19.57,539
19.575,540
19.58,521
19.585,501
19.59,495
19.595,492
19.6,481
19.605,480
19.61,496
19.615,508
19.62,513
19.625,527
19.63,550
19.635,564
19.64,561
19.645,573
19.65,587
19.655,584
19.66,575
19.665,577
19.67,582
19.675,563
19.68,540
19.685,535
19.69,524
19.695,508
19.7,506
19.705,508
19.71,486
19.715,448
19.72,421
19.725,403
19.73,368
19.735,333
19.74,313
19.745,302
19.75,271
19.755,229
19.76,199
19.765,172
19.77,144
19.775,124
19.78,116
19.785,110
19.79,103
19.795,117
19.8,138
19.805,147
19.81,144
19.815,143
19.82,134
19.825,120
19.83,127
19.835,181
19.84,285
19.845,421
19.85,466
19.855,430
19.86,364
19.865,317
19.87,305
19.875,292
19.88,270
19.885,241
19.89,237
19.895,245
19.9,239
19.905,227
19.91,236
19.915,249
19.92,246
19.925,241
19.93,258
19.935,270
19.94,260
19.945,259
19.95,276
19.955,285
19.96,273
19.965,272
19.97,288
19.975,289
19.98,275
19.985,270
19.99,281
19.995,279
20,268
20.005,279
20.01,292
20.015,275
20.02,266
20.025,287
20.03,301
20.035,298
20.04,299
20.045,332
20.05,351
20.055,352
20.06,371
20.065,407
20.07,420
20.075,413
20.08,428
20.085,450
20.09,442
20.095,427
20.1,439
20.105,448
20.11,431
20.115,417
20.12,422
20.125,411
20.13,378
20.135,358
20.14,360
20.145,351
20.15,327
20.155,324
20.16,334
20.165,330
20.17,316
20.175,319
20.18,329
20.185,315
20.19,298
20.195,311
20.2,323
20.205,311
20.21,309
20.215,330
20.22,340
20.225,331
20.23,337
20.235,367
20.24,370
20.245,352
20.25,361
20.255,383
20.26,379
20.265,369
20.27,383
20.275,395
20.28,377
20.285,364
20.29,379
20.295,381
20.3,357
20.305,347
20.31,362
20.315,359
20.32,331
20.325,323
20.33,330
20.335,312
20.34,279
20.345,271
20.35,274
20.355,246
20.36,213
20.365,215
20.37,224
20.375,202
20.38,195
20.385,224
20.39,243
20.395,232
20.4,243
20.405,280
20.41,293
20.415,287
20.42,309
20.425,347
20.43,354
20.435,350
20.44,369
20.445,395
20.45,392
20.455,387
20.46,402
20.465,415
20.47,395
20.475,390
20.48,409
20.485,411
20.49,385
20.495,380
20.5,399
20.505,397
20.51,375
20.515,384
20.52,404
20.525,395
20.53,380
20.535,399
20.54,418
20.545,407
20.55,401
20.555,422
20.56,438
20.565,424
20.57,422
20.575,445
20.58,448
20.585,431
20.59,437
20.595,456
20.6,453
20.605,436
20.61,447
20.615,465
20.62,453
20.625,443
20.63,461
20.635,471
20.64,447
20.645,427
20.65,432
20.655,425
20.66,392
20.665,376
20.67,389
20.675,383
20.68,356
20.685,352
20.69,361
20.695,342
20.7,319
20.705,331
20.71,341
20.715,324
20.72,312
20.725,334
20.73,347
20.735,328
20.74,319
20.745,327
20.75,301
20.755,265
20.76,266
20.765,321
20.77,409
20.775,531
20.78,597
20.785,572
20.79,477
20.795,404
20.8,399
20.805,376
20.81,330
20.815,306
20.82,319
20.825,309
20.83,272
20.835,262
20.84,280
20.845,277
20.85,252
20.855,245
20.86,256
20.865,233
20.87,195
20.875,186
20.88,189
20.885,174
20.89,165
20.895,194
20.9,218
20.905,207
20.91,213
20.915,255
20.92,279
20.925,279
20.93,301
20.935,343
20.94,355
20.945,342
20.95,356
20.955,379
20.96,376
20.965,362
20.97,381
20.975,407
20.98,401
20.985,387
20.99,400
20.995,407
21,383
21.005,368
21.01,383
21.015,383
21.02,353
21.025,345
21.03,359
21.035,343
21.04,308
21.045,300
21.05,305
21.055,273
21.06,238
21.065,227
21.07,219
21.075,178
21.08,150
21.085,158
21.09,157
21.095,129
21.1,117
21.105,133
21.11,139
21.115,127
21.12,135
21.125,160
21.13,161
21.135,144
21.14,162
21.145,192
21.15,185
21.155,177
21.16,205
21.165,224
21.17,209
21.175,206
21.18,236
21.185,254
21.19,247
21.195,258
21.2,291
21.205,298
21.21,280
21.215,274
21.22,279
21.225,256
21.23,222
21.235,214
21.24,217
21.245,198
21.25,193
21.255,228
21.26,256
21.265,251
21.27,259
21.275,299
21.28,320
21.285,299
21.29,288
21.295,276
21.3,235
21.305,179
21.31,144
21.315,119
21.32,74
21.325,30
21.33,17
21.335,20
21.34,0
21.345,0
21.35,0
21.355,0
21.36,0
21.365,0
21.37,0
21.375,0
21.38,0
21.385,22
21.39,90
21.395,140
21.4,169
21.405,220
21.41,277
21.415,317
21.42,347
21.425,381
21.43,417
21.435,417
21.44,409
21.445,424
21.45,434
21.455,417
21.46,404
21.465,421
21.47,430
21.475,420
21.48,424
21.485,445
21.49,443
21.495,420
21.5,418
21.505,429
21.51,415
21.515,395
21.52,398
21.525,400
21.53,385
21.535,381
21.54,388
21.545,383
21.55,357
21.555,337
21.56,340
21.565,335
21.57,319
21.575,321
21.58,335
21.585,334
21.59,325
21.595,339
21.6,361
21.605,364
21.61,363
21.615,381
21.62,402
21.625,402
21.63,412
21.635,441
21.64,457
21.645,452
21.65,459
21.655,465
21.66,445
21.665,424
21.67,438
21.675,488
21.68,575
21.685,663
21.69,664
21.695,666
21.7,659
21.705,579
21.71,510
21.715,460
21.72,415
21.725,390
21.73,393
21.735,377
21.74,350
21.745,338
21.75,343
21.755,330
21.76,304
21.765,301
21.77,306
21.775,293
21.78,276
21.785,277
21.79,286
21.795,282
21.8,283
21.805,310
21.81,329
21.815,338
21.82,360
21.825,399
21.83,428
21.835,438
21.84,465
21.845,496
21.85,502
21.855,494
21.86,511
21.865,530
21.87,526
21.875,520
21.88,532
21.885,549
21.89,536
21.895,528
21.9,539
21.905,544
21.91,532
21.915,534
21.92,555
21.925,564
21.93,558
21.935,567
21.94,588
21.945,590
21.95,584
21.955,590
21.96,596
21.965,582
21.97,569
21.975,567
21.98,558
21.985,538
21.99,511
21.995,503
22,485
22.005,461
22.01,447
22.015,445
22.02,443
22.025,440
22.03,454
22.035,469
22.04,477
22.045,483
22.05,497
22.055,509
22.06,509
22.065,511
22.07,524
22.075,531
22.08,515
22.085,503
22.09,507
22.095,496
22.1,464
22.105,442
22.11,434
22.115,408
22.12,376
22.125,362
22.13,347
22.135,316
22.14,288
22.145,278
22.15,263
22.155,238
22.16,221
22.165,220
22.17,210
22.175,187
22.18,174
22.185,166
22.19,154
22.195,134
22.2,128
22.205,135
22.21,128
22.215,119
22.22,139
22.225,169
22.23,179
22.235,184
22.24,217
22.245,242
22.25,239
22.255,246
22.26,277
22.265,295
22.27,284
22.275,284
22.28,295
22.285,294
22.29,285
22.295,293
22.3,303
22.305,289
22.31,263
22.315,260
22.32,263
22.325,242
22.33,233
22.335,252
22.34,265
22.345,253
22.35,253
22.355,272
22.36,280
22.365,276
22.37,297
22.375,329
22.38,327
22.385,321
22.39,329
22.395,342
22.4,333
22.405,325
22.41,344
22.415,357
22.42,344
22.425,342
22.43,356
22.435,359
22.44,341
22.445,332
22.45,346
22.455,345
22.46,317
22.465,307
22.47,311
22.475,290
22.48,265
22.485,277
22.49,299
22.495,306
22.5,319
22.505,359
22.51,395
22.515,406
22.52,424
22.525,458
22.53,473
22.535,460
22.54,467
22.545,489
22.55,487
22.555,467
22.56,472
22.565,484
22.57,462
22.575,422
22.58,413
22.585,430
22.59,442
22.595,492
22.6,644
22.605,669
22.61,668
22.615,656
22.62,598
22.625,556
22.63,494
22.635,464
22.64,465
22.645,451
22.65,423
22.655,419
22.66,420
22.665,404
22.67,384
22.675,387
22.68,387
22.685,358
22.69,343
22.695,351
22.7,344
22.705,320
22.71,320
22.715,343
22.72,348
22.725,337
22.73,341
22.735,359
22.74,357
22.745,342
22.75,352
22.755,365
22.76,348
22.765,333
22.77,347
22.775,353
22.78,324
22.785,313
22.79,327
22.795,322
22.8,294
22.805,291
22.81,316
22.815,310
22.82,289
22.825,299
22.83,324
22.835,320
22.84,312
22.845,336
22.85,354
22.855,343
22.86,339
22.865,368
22.87,379
22.875,357
22.88,350
22.885,368
22.89,357
22.895,326
22.9,330
22.905,348
22.91,336
22.915,315
22.92,329
22.925,345
22.93,325
22.935,319
22.94,341
22.945,357
22.95,342
22.955,344
22.96,377
22.965,390
22.97,375
22.975,386
22.98,414
22.985,413
22.99,389
22.995,404
23,427
23.005,414
23.01,394
23.015,404
23.02,417
23.025,395
23.03,377
23.035,396
23.04,395
23.045,367
23.05,356
23.055,373
23.06,365
23.065,337
23.07,340
23.075,361
23.08,352
23.085,330
23.09,340
23.095,363
23.1,353
23.105,344
23.11,364
23.115,383
23.12,367
23.125,370
23.13,408
23.135,430
23.14,408
23.145,402
23.15,432
23.155,437
23.16,412
23.165,410
23.17,425
23.175,410
23.18,390
23.185,404
23.19,419
23.195,399
23.2,378
23.205,390
23.21,393
23.215,360
23.22,347
23.225,361
23.23,351
23.235,317
23.24,310
23.245,321
23.25,303
23.255,267
23.26,261
23.265,277
23.27,257
23.275,232
23.28,240
23.285,248
23.29,222
23.295,210
23.3,240
23.305,271
23.31,268
23.315,283
23.32,326
23.325,341
23.33,329
23.335,338
23.34,359
23.345,360
23.35,345
23.355,358
23.36,375
23.365,359
23.37,347
23.375,365
23.38,372
23.385,342
23.39,326
23.395,346
23.4,350
23.405,323
23.41,312
23.415,330
23.42,317
23.425,278
23.43,252
23.435,227
23.44,188
23.445,165
23.45,207
23.455,310
23.46,425
23.465,435
23.47,386
23.475,303
23.48,212
23.485,162
23.49,144
23.495,130
23.5,107
23.505,114
23.51,135
23.515,127
23.52,105
23.525,118
23.53,140
23.535,129
23.54,110
23.545,130
23.55,155
23.555,149
23.56,149
23.565,178
23.57,202
23.575,197
23.58,201
23.585,232
23.59,248
23.595,236
23.6,247
23.605,275
23.61,275
23.615,266
23.62,293
23.625,320
23.63,332
23.635,339
23.64,368
23.645,397
23.65,398
23.655,411
23.66,451
23.665,482
23.67,480
23.675,487
23.68,495
23.685,457
23.69,391
23.695,341
23.7,307
23.705,244
23.71,180
23.715,150
23.72,130
23.725,92
23.73,61
23.735,59
23.74,55
23.745,35
23.75,30
23.755,53
23.76,73
23.765,71
23.77,88
23.775,127
23.78,141
23.785,130
23.79,140
23.795,161
23.8,163
23.805,164
23.81,201
23.815,238
23.82,256
23.825,284
23.83,331
23.835,373
23.84,400
23.845,434
23.85,483
23.855,515
23.86,521
23.865,532
23.87,550
23.875,550
23.88,542
23.885,549
23.89,553
23.895,533
23.9,500
23.905,487
23.91,464
23.915,415
23.92,378
23.925,364
23.93,334
23.935,283
23.94,249
23.945,237
23.95,211
23.955,181
23.96,174
23.965,184
23.97,181
23.975,181
23.98,210
23.985,244
23.99,256
23.995,265
24,299
24.005,330
24.01,345
24.015,364
24.02,400
24.025,425
24.03,427
24.035,437
24.04,463
24.045,470
24.05,460
24.055,466
24.06,477
24.065,466
24.07,455
24.075,467
24.08,472
24.085,456
24.09,444
24.095,453
24.1,456
24.105,436
24.11,435
24.115,440
24.12,426
24.125,404
24.13,397
24.135,403
24.14,390
24.145,369
24.15,372
24.155,373
24.16,357
24.165,339
24.17,344
24.175,348
24.18,331
24.185,321
24.19,332
24.195,338
24.2,324
24.205,321
24.21,332
24.215,327
24.22,311
24.225,307
24.23,317
24.235,308
24.24,294
24.245,302
24.25,316
24.255,309
24.26,307
24.265,331
24.27,350
24.275,347
24.28,360
24.285,400
24.29,427
24.295,438
24.3,462
24.305,500
24.31,521
24.315,531
24.32,559
24.325,589
24.33,596
24.335,585
24.34,585
24.345,582
24.35,563
24.355,546
24.36,544
24.365,532
24.37,502
24.375,490
24.38,492
24.385,484
24.39,469
24.395,470
24.4,478
24.405,455
24.41,429
24.415,434
24.42,463
24.425,512
24.43,629
24.435,669
24.44,671
24.445,667
24.45,617
24.455,566
24.46,508
24.465,448
24.47,411
24.475,402
24.48,380
24.485,346
24.49,332
24.495,332
24.5,319
24.505,301
24.51,295
24.515,296
24.52,279
24.525,265
24.53,266
24.535,258
24.54,236
24.545,225
24.55,232
24.555,220
24.56,199
24.565,192
24.57,209
24.575,213
24.58,201
24.585,206
24.59,227
24.595,234
24.6,244
24.605,278
24.61,311
24.615,327
24.62,346
24.625,379
24.63,398
24.635,400
24.64,409
24.645,434
24.65,441
24.655,433
24.66,443
24.665,464
24.67,462
24.675,447
24.68,449
24.685,455
24.69,438
24.695,414
24.7,410
24.705,405
24.71,372
24.715,350
24.72,349
24.725,339
24.73,309
24.735,297
24.74,298
24.745,285
24.75,261
24.755,255
24.76,263
24.765,247
24.77,230
24.775,235
24.78,251
24.785,237
24.79,231
24.795,250
24.8,264
24.805,264
24.81,270
24.815,298
24.82,314
24.825,311
24.83,327
24.835,362
24.84,381
24.845,388
24.85,415
24.855,449
24.86,444
24.865,439
24.87,453
24.875,464
24.88,440
24.885,421
24.89,434
24.895,435
24.9,409
24.905,392
24.91,407
24.915,395
24.92,369
24.925,368
24.93,375
24.935,354
24.94,328
24.945,327
24.95,327
24.955,304
24.96,275
24.965,278
24.97,274
24.975,240
24.98,218
24.985,228
24.99,218
24.995,189
25,182
25.005,198
25.01,192
25.015,176
25.02,185
25.025,207
25.03,204
25.035,193
25.04,215
25.045,246
25.05,244
25.055,238
25.06,263
25.065,284
25.07,274
25.075,280
25.08,305
25.085,312
25.09,302
25.095,308
25.1,328
25.105,324
25.11,305
25.115,314
25.12,330
25.125,319
25.13,315
25.135,336
25.14,354
25.145,346
25.15,345
25.155,371
25.16,391
25.165,375
25.17,376
25.175,407
25.18,409
25.185,392
25.19,403
25.195,426
25.2,423
25.205,404
25.21,413
25.215,423
25.22,391
25.225,368
25.23,380
25.235,388
25.24,368
25.245,362
25.25,385
25.255,390
25.26,369
25.265,368
25.27,392
25.275,388
25.28,367
25.285,377
25.29,399
25.295,388
25.3,370
25.305,388
25.31,406
25.315,385
25.32,369
25.325,363
25.33,345
25.335,321
25.34,337
25.345,416
25.35,551
25.355,611
25.36,572
25.365,497
25.37,411
25.375,365
25.38,339
25.385,322
25.39,283
25.395,267
25.4,280
25.405,282
25.41,253
25.415,244
25.42,272
25.425,284
25.43,262
25.435,262
25.44,297
25.445,307
25.45,298
25.455,316
25.46,354
25.465,357
25.47,350
25.475,382
25.48,413
25.485,406
25.49,402
25.495,427
25.5,435
25.505,414
25.51,411
25.515,429
25.52,424
25.525,403
25.53,407
25.535,427
25.54,417
25.545,400
25.55,412
25.555,430
25.56,419
25.565,403
25.57,414
25.575,419
25.58,399
25.585,380
25.59,393
25.595,391
25.6,360
25.605,356
25.61,376
25.615,371
25.62,341
25.625,335
25.63,341
25.635,308
25.64,267
25.645,260
25.65,258
25.655,235
25.66,221
25.665,248
25.67,269
25.675,256
25.68,254
25.685,288
25.69,300
25.695,281
25.7,285
25.705,310
25.71,308
25.715,283
25.72,285
25.725,297
25.73,279
25.735,255
25.74,266
25.745,282
25.75,262
25.755,245
25.76,257
25.765,257
25.77,228
25.775,206
25.78,217
25.785,212
25.79,181
25.795,171
25.8,185
25.805,173
25.81,146
25.815,149
25.82,163
25.825,150
25.83,138
25.835,163
25.84,181
25.845,166
25.85,159
25.855,186
25.86,200
25.865,174
25.87,170
25.875,194
25.88,193
25.885,175
25.89,187
25.895,211
25.9,208
25.905,202
25.91,224
25.915,248
25.92,235
25.925,222
25.93,239
25.935,249
25.94,229
25.945,218
25.95,233
25.955,230
25.96,193
25.965,169
25.97,170
25.975,173
25.98,182
25.985,216
25.99,270
25.995,302
26,330
26.005,391
26.01,466
26.015,517
26.02,557
26.025,594
26.03,583
26.035,505
26.04,410
26.045,334
26.05,267
26.055,198
26.06,164
26.065,154
26.07,119
26.075,69
26.08,48
26.085,39
26.09,13
26.095,0
26.1,12
26.105,30
26.11,23
26.115,27
26.12,56
26.125,79
26.13,77
26.135,82
26.14,113
26.145,130
26.15,126
26.155,146
26.16,193
26.165,227
26.17,247
26.175,285
26.18,334
26.185,364
26.19,386
26.195,413
26.2,416
26.205,412
26.21,432
26.215,481
26.22,559
26.225,668
26.23,669
26.235,670
26.24,643
26.245,530
26.25,459
26.255,410
26.26,365
26.265,328
26.27,321
26.275,309
26.28,284
26.285,270
26.29,281
26.295,295
26.3,292
26.305,298
26.31,330
26.315,350
26.32,360
26.325,380
26.33,415
26.335,439
26.34,446
26.345,472
26.35,507
26.355,525
26.36,539
26.365,575
26.37,608
26.375,612
26.38,618
26.385,646
26.39,660
26.395,653
26.4,656
26.405,664
26.41,663
26.415,651
26.42,635
26.425,634
26.43,622
26.435,601
26.44,598
26.445,605
26.45,588
26.455,565
26.46,567
26.465,568
26.47,549
26.475,535
26.48,534
26.485,530
26.49,507
26.495,490
26.5,484
26.505,458
26.51,425
26.515,416
26.52,416
26.525,397
26.53,365
26.535,357
26.54,351
26.545,334
26.55,320
26.555,325
26.56,331
26.565,317
26.57,321
26.575,340
26.58,355
26.585,349
26.59,359
26.595,382
26.6,394
26.605,390
26.61,398
26.615,416
26.62,412
26.625,404
26.63,421
26.635,427
26.64,402
26.645,374
26.65,385
26.655,397
26.66,391
26.665,399
26.67,426
26.675,445
26.68,455
26.685,492
26.69,536
26.695,560
26.7,575
26.705,600
26.71,616
26.715,596
26.72,572
26.725,565
26.73,557
26.735,516
26.74,486
26.745,480
26.75,473
26.755,448
26.76,430
26.765,426
26.77,415
26.775,396
26.78,394
26.785,398
26.79,399
26.795,397
26.8,416
26.805,430
26.81,425
26.815,427
26.82,440
26.825,451
26.83,443
26.835,434
26.84,440
26.845,437
26.85,411
26.855,397
26.86,395
26.865,383
26.87,356
26.875,340
26.88,331
26.885,308
26.89,285
26.895,279
26.9,280
26.905,261
26.91,243
26.915,255
26.92,257
26.925,239
26.93,230
26.935,227
26.94,217
26.945,207
26.95,207
26.955,216
26.96,214
26.965,219
26.97,250
26.975,283
26.98,294
26.985,298
26.99,315
26.995,330
27,329
27.005,333
27.01,352
27.015,358
27.02,344
27.025,342
27.03,348
27.035,340
27.04,317
27.045,313
27.05,318
27.055,302
27.06,277
27.065,277
27.07,281
27.075,266
27.08,256
27.085,277
27.09,284
27.095,278
27.1,281
27.105,290
27.11,292
27.115,277
27.12,281
27.125,299
27.13,296
27.135,285
27.14,296
27.145,307
27.15,300
27.155,294
27.16,312
27.165,339
27.17,337
27.175,352
27.18,395
27.185,433
27.19,443
27.195,460
27.2,476
27.205,439
27.21,399
27.215,404
27.22,438
27.225,500
27.23,613
27.235,658
27.24,605
27.245,487
27.25,424
27.255,417
27.26,389
27.265,342
27.27,318
27.275,325
27.28,310
27.285,273
27.29,259
27.295,269
27.3,262
27.305,247
27.31,253
27.315,273
27.32,266
27.325,258
27.33,281
27.335,298
27.34,292
27.345,300
27.35,336
27.355,352
27.36,343
27.365,348
27.37,373
27.375,373
27.38,358
27.385,355
27.39,366
27.395,351
27.4,319
27.405,320
27.41,326
27.415,299
27.42,280
27.425,285
27.43,284
27.435,262
27.44,247
27.445,256
27.45,251
27.455,231
27.46,234
27.465,255
27.47,252
27.475,236
27.48,249
27.485,274
27.49,270
27.495,256
27.5,277
27.505,296
27.51,281
27.515,266
27.52,279
27.525,288
27.53,272
27.535,272
27.54,304
27.545,320
27.55,313
27.555,326
27.56,363
27.565,374
27.57,367
27.575,389
27.58,421
27.585,417
27.59,417
27.595,444
27.6,471
27.605,462
27.61,462
27.615,491
27.62,509
27.625,486
27.63,485
27.635,508
27.64,502
27.645,472
27.65,470
27.655,478
27.66,457
27.665,427
27.67,429
27.675,432
27.68,403
27.685,379
27.69,387
27.695,385
27.7,353
27.705,338
27.71,344
27.715,336
27.72,305
27.725,304
27.73,318
27.735,306
27.74,282
27.745,289
27.75,304
27.755,285
27.76,263
27.765,273
27.77,286
27.775,270
27.78,261
27.785,279
27.79,283
27.795,264
27.8,265
27.805,291
27.81,305
27.815,294
27.82,308
27.825,347
27.83,359
27.835,355
27.84,379
27.845,411
27.85,404
27.855,394
27.86,418
27.865,439
27.87,422
27.875,413
27.88,438
27.885,447
27.89,424
27.895,421
27.9,436
27.905,430
27.91,401
27.915,402
27.92,424
27.925,410
27.93,385
27.935,389
27.94,396
27.945,373
27.95,347
27.955,351
27.96,343
27.965,311
27.97,287
27.975,293
27.98,280
27.985,247
27.99,246
27.995,263
28,249
28.005,216
28.01,217
28.015,225
28.02,201
28.025,171
28.03,182
28.035,200
28.04,179
28.045,166
28.05,191
28.055,207
28.06,199
28.065,212
28.07,258
28.075,273
28.08,256
28.085,274
28.09,309
28.095,309
28.1,290
28.105,297
28.11,289
28.115,248
28.12,231
28.125,267
28.13,329
28.135,428
28.14,521
28.145,512
28.15,424
28.155,327
28.16,302
28.165,290
28.17,245
28.175,199
28.18,198
28.185,211
28.19,182
28.195,153
28.2,167
28.205,186
28.21,165
28.215,145
28.22,165
28.225,185
28.23,175
28.235,179
28.24,210
28.245,214
28.25,196
28.255,201
28.26,240
28.265,249
28.27,225
28.275,233
28.28,258
28.285,252
28.29,242
28.295,270
28.3,288
28.305,269
28.31,257
28.315,282
28.32,289
28.325,258
28.33,245
28.335,267
28.34,275
28.345,267
28.35,285
28.355,317
28.36,319
28.365,313
28.37,334
28.375,364
28.38,365
28.385,369
28.39,413
28.395,458
28.4,468
28.405,490
28.41,520
28.415,519
28.42,486
28.425,440
28.43,401
28.435,343
28.44,270
28.445,210
28.45,150
28.455,73
28.46,4
28.465,0
28.47,0
28.475,0
28.48,0
28.485,0
28.49,0
28.495,11
28.5,48
28.505,106
28.51,143
28.515,148
28.52,166
28.525,205
28.53,223
28.535,216
28.54,235
28.545,259
28.55,263
28.555,259
28.56,280
28.565,315
28.57,309
28.575,308
28.58,334
28.585,343
28.59,327
28.595,324
28.6,342
28.605,344
28.61,325
28.615,316
28.62,318
28.625,300
28.63,269
28.635,259
28.64,248
28.645,218
28.65,184
28.655,175
28.66,165
28.665,131
28.67,107
28.675,117
28.68,122
28.685,103
28.69,102
28.695,123
28.7,141
28.705,142
28.71,169
28.715,208
28.72,224
28.725,230
28.73,256
28.735,286
28.74,288
28.745,291
28.75,313
28.755,330
28.76,332
28.765,339
28.77,365
28.775,381
28.78,378
28.785,392
28.79,420
28.795,426
28.8,420
28.805,422
28.81,435
28.815,426
28.82,414
28.825,423
28.83,435
28.835,429
28.84,424
28.845,444
28.85,458
28.855,450
28.86,450
28.865,465
28.87,469
28.875,456
28.88,453
28.885,455
28.89,450
28.895,435
28.9,436
28.905,443
28.91,425
28.915,407
28.92,413
28.925,420
28.93,402
28.935,387
28.94,403
28.945,412
28.95,402
28.955,405
28.96,427
28.965,439
28.97,432
28.975,434
28.98,426
28.985,401
28.99,385
28.995,418
29,491
29.005,624
29.01,663
29.015,663
29.02,654
29.025,555
29.03,492
29.035,459
29.04,439
29.045,421
29.05,436
29.055,457
29.06,464
29.065,457
29.07,472
29.075,487
29.08,491
29.085,503
29.09,536
29.095,564
29.1,566
29.105,565
29.11,573
29.115,569
29.12,545
29.125,527
29.13,521
29.135,508
29.14,488
29.145,487
29.15,494
29.155,486
29.16,473
29.165,475
29.17,492
29.175,493
29.18,495
29.185,510
29.19,529
29.195,538
29.2,552
29.205,581
29.21,594
29.215,588
29.22,589
29.225,599
29.23,590
29.235,569
29.24,560
29.245,556
29.25,528
29.255,499
29.26,480
29.265,456
29.27,410
29.275,370
29.28,341
29.285,311
29.29,271
29.295,239
29.3,224
29.305,209
29.31,192
29.315,200
29.32,231
29.325,244
29.33,251
29.335,259
29.34,264
29.345,253
29.35,237
29.355,239
29.36,241
29.365,224
29.37,209
29.375,215
29.38,217
29.385,200
29.39,195
29.395,214
29.4,214
29.405,195
29.41,189
29.415,195
29.42,180
29.425,151
29.43,162
29.435,184
29.44,189
29.445,205
29.45,246
29.455,281
29.46,291
29.465,300
29.47,326
29.475,334
29.48,328
29.485,336
29.49,359
29.495,366
29.5,360
29.505,372
29.51,390
29.515,388
29.52,378
29.525,382
29.53,385
29.535,369
29.54,350
29.545,347
29.55,336
29.555,315
29.56,308
29.565,319
29.57,315
29.575,304
29.58,315
29.585,345
29.59,363
29.595,375
29.6,405
29.605,436
29.61,437
29.615,430
29.62,440
29.625,447
29.63,429
29.635,405
29.64,421
29.645,424
29.65,406
29.655,404
29.66,414
29.665,403
29.67,377
29.675,374
29.68,375
29.685,354
29.69,329
29.695,335
29.7,341
29.705,329
29.71,312
29.715,318
29.72,322
29.725,302
29.73,294
29.735,314
29.74,320
29.745,303
29.75,303
29.755,324
29.76,327
29.765,313
29.77,325
29.775,344
29.78,333
29.785,328
29.79,355
29.795,388
29.8,400
29.805,411
29.81,435
29.815,448
29.82,436
29.825,427
29.83,446
29.835,449
29.84,428
29.845,433
29.85,452
29.855,445
29.86,435
29.865,440
29.87,450
29.875,436
29.88,420
29.885,438
29.89,453
29.895,433
29.9,423
29.905,442
29.91,455
29.915,425
29.92,391
29.925,387
29.93,376
29.935,365
29.94,414
29.945,558
29.95,647
29.955,614
29.96,542
29.965,480
29.97,440
29.975,396
29.98,382
29.985,368
29.99,341
29.995,325
30,337
30.005,336
30.01,313
30.015,317
30.02,336
30.025,335
30.03,316
30.035,334
30.04,360
30.045,354
30.05,344
30.055,372
30.06,392
30.065,379
30.07,381
30.075,408
30.08,419
30.085,405
30.09,411
30.095,435
30.1,438
30.105,414
30.11,416
30.115,432
30.12,416
30.125,390
30.13,391
30.135,398
30.14,377
30.145,353
30.15,364
30.155,368
30.16,345
30.165,342
30.17,365
30.175,369
30.18,352
30.185,361
30.19,390
30.195,401
30.2,395
30.205,414
30.21,445
30.215,444
30.22,436
30.225,450
30.23,458
30.235,434
30.24,419
30.245,430
30.25,422
30.255,389
30.26,375
30.265,388
30.27,382
30.275,363
30.28,365
30.285,377
30.29,362
30.295,339
30.3,344
30.305,353
30.31,335
30.315,315
30.32,315
30.325,313
30.33,282
30.335,265
30.34,277
30.345,273
30.35,247
30.355,239
30.36,251
30.365,244
30.37,220
30.375,225
30.38,245
30.385,231
30.39,212
30.395,230
30.4,250
30.405,238
30.41,227
30.415,259
30.42,278
30.425,267
30.43,269
30.435,294
30.44,302
30.445,284
30.45,286
30.455,306
30.46,303
30.465,285
30.47,298
30.475,309
30.48,291
30.485,269
30.49,280
30.495,293
30.5,272
30.505,262
30.51,277
30.515,277
30.52,254
30.525,241
30.53,254
30.535,240
30.54,205
30.545,196
30.55,208
30.555,187
30.56,158
30.565,158
30.57,169
30.575,150
30.58,127
30.585,142
30.59,154
30.595,130
30.6,118
30.605,137
30.61,142
30.615,119
30.62,117
30.625,138
30.63,136
30.635,119
30.64,132
30.645,162
30.65,161
30.655,150
30.66,172
30.665,202
30.67,198
30.675,196
30.68,226
30.685,249
30.69,238
30.695,238
30.7,248
30.705,227
30.71,169
30.715,134
30.72,133
30.725,120
30.73,117
30.735,162
30.74,230
30.745,276
30.75,323
30.755,403
30.76,487
30.765,536
30.77,561
30.775,603
30.78,613
30.785,575
30.79,540
30.795,522
30.8,483
30.805,420
30.81,378
30.815,354
30.82,309
30.825,256
30.83,240
30.835,243
30.84,226
30.845,207
30.85,214
30.855,219
30.86,193
30.865,173
30.87,182
30.875,179
30.88,137
30.885,89
30.89,73
30.895,71
30.9,84
30.905,169
30.91,337
30.915,403
30.92,349
30.925,281
30.93,241
30.935,216
30.94,174
30.945,170
30.95,176
30.955,170
30.96,175
30.965,204
30.97,224
30.975,221
30.98,233
30.985,258
30.99,255
30.995,240
31,244
31.005,257
31.01,246
31.015,235
31.02,247
31.025,258
31.03,247
31.035,240
31.04,255
31.045,256
31.05,245
31.055,246
31.06,264
31.065,272
31.07,266
31.075,283
31.08,316
31.085,332
31.09,338
31.095,370
31.1,407
31.105,417
31.11,426
31.115,462
31.12,490
31.125,492
31.13,505
31.135,535
31.14,554
31.145,548
31.15,552
31.155,569
31.16,570
31.165,554
31.17,553
31.175,557
31.18,538
31.185,504
31.19,486
31.195,472
31.2,435
31.205,392
31.21,371
31.215,350
31.22,309
31.225,276
31.23,268
31.235,251
31.24,214
31.245,195
31.25,198
31.255,184
31.26,156
31.265,153
31.27,161
31.275,152
31.28,138
31.285,154
31.29,173
31.295,168
31.3,170
31.305,202
31.31,223
31.315,228
31.32,250
31.325,283
31.33,297
31.335,294
31.34,309
31.345,341
31.35,353
31.355,352
31.36,377
31.365,400
31.37,394
31.375,386
31.38,400
31.385,404
31.39,382
31.395,367
31.4,373
31.405,366
31.41,347
31.415,349
31.42,371
31.425,378
31.43,374
31.435,389
31.44,414
31.445,425
31.45,434
31.455,456
31.46,477
31.465,477
31.47,475
31.475,491
31.48,499
31.485,482
31.49,470
31.495,482
31.5,485
31.505,485
31.51,510
31.515,542
31.52,561
31.525,579
31.53,603
31.535,609
31.54,583
31.545,570
31.55,581
31.555,580
31.56,555
31.565,520
31.57,520
31.575,519
31.58,490
31.585,467
31.59,457
31.595,442
31.6,415
31.605,395
31.61,381
31.615,348
31.62,314
31.625,305
31.63,313
31.635,300
31.64,287
31.645,286
31.65,290
31.655,278
31.66,269
31.665,285
31.67,304
31.675,301
31.68,314
31.685,341
31.69,338
31.695,334
31.7,345
31.705,349
31.71,335
31.715,321
31.72,291
31.725,258
31.73,215
31.735,205
31.74,260
31.745,370
31.75,453
31.755,429
31.76,364
31.765,301
31.77,268
31.775,253
31.78,259
31.785,251
31.79,254
31.795,284
31.8,314
31.805,323
31.81,329
31.815,355
31.82,376
31.825,371
31.83,371
31.835,383
31.84,385
31.845,378
31.85,371
31.855,376
31.86,371
31.865,346
31.87,339
31.875,352
31.88,339
31.885,322
31.89,323
31.895,331
31.9,320
31.905,311
31.91,341
31.915,367
31.92,379
31.925,397
31.93,435
31.935,459
31.94,464
31.945,474
31.95,505
31.955,515
31.96,503
31.965,505
31.97,525
31.975,518
31.98,483
31.985,480
31.99,482
31.995,460
32,446
32.005,456
32.01,453
32.015,426
32.02,411
32.025,410
32.03,393
32.035,361
32.04,354
32.045,364
32.05,351
32.055,328
32.06,333
32.065,349
32.07,339
32.075,331
32.08,348
32.085,359
32.09,348
32.095,343
32.1,357
32.105,353
32.11,337
32.115,342
32.12,349
32.125,344
32.13,324
32.135,323
32.14,327
32.145,302
32.15,276
32.155,280
32.16,281
32.165,257
32.17,244
32.175,251
32.18,248
32.185,224
32.19,209
32.195,226
32.2,226
32.205,212
32.21,212
32.215,235
32.22,237
32.225,241
32.23,267
32.235,296
32.24,293
32.245,290
32.25,317
32.255,343
32.26,336
32.265,331
32.27,355
32.275,370
32.28,359
32.285,370
32.29,395
32.295,393
32.3,389
32.305,406
32.31,429
32.315,418
32.32,406
32.325,423
32.33,445
32.335,434
32.34,416
32.345,437
32.35,451
32.355,429
32.36,423
32.365,447
32.37,456
32.375,435
32.38,431
32.385,451
32.39,439
32.395,416
32.4,420
32.405,445
32.41,432
32.415,408
32.42,416
32.425,434
32.43,426
32.435,417
32.44,436
32.445,440
32.45,420
32.455,419
32.46,438
32.465,440
32.47,419
32.475,428
32.48,455
32.485,440
32.49,413
32.495,421
32.5,431
32.505,414
32.51,395
32.515,398
32.52,401
32.525,375
32.53,359
32.535,376
32.54,376
32.545,353
32.55,350
32.555,363
32.56,358
32.565,335
32.57,336
32.575,356
32.58,347
32.585,324
32.59,329
32.595,326
32.6,276
32.605,237
32.61,252
32.615,282
32.62,324
32.625,457
32.63,575
32.635,554
32.64,432
32.645,364
32.65,368
32.655,335
32.66,294
32.665,294
32.67,314
32.675,299
32.68,291
32.685,318
32.69,344
32.695,345
32.7,354
32.705,390
32.71,409
32.715,409
32.72,432
32.725,469
32.73,474
32.735,453
32.74,461
32.745,478
32.75,468
32.755,441
32.76,438
32.765,448
32.77,425
32.775,401
32.78,418
32.785,431
32.79,406
32.795,382
32.8,390
32.805,385
32.81,356
32.815,344
32.82,356
32.825,344
32.83,321
32.835,325
32.84,336
32.845,320
32.85,302
32.855,315
32.86,323
32.865,294
32.87,274
32.875,290
32.88,299
32.885,280
32.89,285
32.895,318
32.9,325
32.905,305
32.91,311
32.915,328
32.92,318
32.925,306
32.93,323
32.935,347
32.94,334
32.945,324
32.95,349
32.955,359
32.96,345
32.965,334
32.97,344
32.975,345
32.98,325
32.985,316
32.99,327
32.995,322
33,302
33.005,304
33.01,309
33.015,286
33.02,252
33.025,248
33.03,247
33.035,220
33.04,198
33.045,203
33.05,206
33.055,184
33.06,176
33.065,195
33.07,203
33.075,181
33.08,180
33.085,197
33.09,202
33.095,188
33.1,191
33.105,212
33.11,211
33.115,210
33.12,232
33.125,262
33.13,260
33.135,262
33.14,286
33.145,300
33.15,292
33.155,307
33.16,321
33.165,322
33.17,306
33.175,296
33.18,302
33.185,281
33.19,266
33.195,277
33.2,294
33.205,285
33.21,275
33.215,294
33.22,316
33.225,319
33.23,327
33.235,352
33.24,366
33.245,341
33.25,317
33.255,298
33.26,256
33.265,205
33.27,171
33.275,149
33.28,115
33.285,85
33.29,81
33.295,87
33.3,71
33.305,62
33.31,91
33.315,124
33.32,127
33.325,145
33.33,185
33.335,213
33.34,224
33.345,245
33.35,280
33.355,299
33.36,305
33.365,325
33.37,350
33.375,362
33.38,372
33.385,385
33.39,401
33.395,404
33.4,405
33.405,414
33.41,419
33.415,411
33.42,406
33.425,407
33.43,401
33.435,385
33.44,371
33.445,367
33.45,352
33.455,330
33.46,319
33.465,309
33.47,287
33.475,264
33.48,258
33.485,257
33.49,240
33.495,232
33.5,241
33.505,252
33.51,248
33.515,260
33.52,283
33.525,296
33.53,304
33.535,321
33.54,344
33.545,355
33.55,357
33.555,368
33.56,379
33.565,381
33.57,383
33.575,380
33.58,350
33.585,319
33.59,309
33.595,342
33.6,419
33.605,562
33.61,653
33.615,630
33.62,537
33.625,456
33.63,429
33.635,388
33.64,340
33.645,310
33.65,308
33.655,298
33.66,276
33.665,267
33.67,266
33.675,261
33.68,243
33.685,232
33.69,236
33.695,231
33.7,221
33.705,219
33.71,226
33.715,223
33.72,209
33.725,208
33.73,216
33.735,208
33.74,196
33.745,197
33.75,201
33.755,189
33.76,185
33.765,198
33.77,208
33.775,203
33.78,216
33.785,244
33.79,260
33.795,273
33.8,299
33.805,343
33.81,374
33.815,392
33.82,423
33.825,451
33.83,472
33.835,495
33.84,521
33.845,539
33.85,547
33.855,562
33.86,580
33.865,585
33.87,574
33.875,565
33.88,564
33.885,547
33.89,519
33.895,507
33.9,495
33.905,466
33.91,440
33.915,435
33.92,430
33.925,414
33.93,398
33.935,396
33.94,390
33.945,377
33.95,373
33.955,380
33.96,378
33.965,368
33.97,370
33.975,378
33.98,378
33.985,374
33.99,389
33.995,400
34,388
34.005,376
34.01,388
34.015,400
34.02,400
34.025,400
34.03,411
34.035,418
34.04,423
34.045,426
34.05,433
34.055,433
34.06,430
34.065,434
34.07,439
34.075,430
34.08,421
34.085,422
34.09,428
34.095,414
34.1,405
34.105,407
34.11,406
34.115,395
34.12,390
34.125,394
34.13,394
34.135,388
34.14,383
34.145,390
34.15,389
34.155,389
34.16,392
34.165,394
34.17,387
34.175,382
34.18,393
34.185,399
34.19,385
34.195,382
34.2,388
34.205,388
34.21,379
34.215,379
34.22,385
34.225,383
34.23,377
34.235,384
34.24,388
34.245,382
34.25,379
34.255,382
34.26,386
34.265,378
34.27,371
34.275,378
34.28,385
34.285,384
34.29,380
34.295,381
34.3,382
34.305,377
34.31,378
34.315,384
34.32,383
34.325,376
34.33,382
34.335,393
34.34,398
34.345,401
34.35,405
34.355,407
34.36,397
34.365,382
34.37,384
34.375,385
34.38,378
34.385,372
34.39,381
34.395,378
34.4,370
34.405,368
34.41,374
34.415,370
34.42,363
34.425,369
34.43,375
34.435,369
34.44,358
34.445,361
34.45,364
34.455,353
34.46,336
34.465,310
34.47,289
34.475,281
34.48,305
34.485,378
34.49,519
34.495,605
34.5,572
34.505,496
34.51,424
34.515,392
34.52,352
34.525,334
34.53,322
34.535,317
34.54,313
34.545,309
34.55,303
34.555,307
34.56,315
34.565,316
34.57,311
34.575,312
34.58,318
34.585,316
34.59,313
34.595,320
34.6,328
34.605,324
34.61,318
34.615,325
34.62,332
34.625,324
34.63,318
34.635,327
34.64,330
34.645,323
34.65,328
34.655,337
34.66,340
34.665,334
34.67,336
34.675,340
34.68,336
34.685,330
34.69,338
34.695,346
34.7,343
34.705,342
34.71,360
34.715,365
34.72,362
34.725,361
34.73,372
34.735,380
34.74,378
34.745,381
34.75,390
34.755,388
34.76,377
34.765,375
34.77,370
34.775,356
34.78,339
34.785,338
34.79,332
34.795,320
34.8,311
34.805,311
34.81,313
34.815,303
34.82,305
34.825,309
34.83,307
34.835,302
34.84,299
34.845,303
34.85,303
34.855,297
34.86,302
34.865,306
34.87,299
34.875,293
34.88,302
34.885,302
34.89,295
34.895,295
34.9,303
34.905,299
34.91,295
34.915,296
34.92,304
34.925,305
34.93,300
34.935,299
34.94,304
34.945,302
34.95,297
34.955,303
34.96,308
34.965,299
34.97,294
34.975,302
34.98,304
34.985,297
34.99,296
34.995,302
35,305
35.005,298
35.01,303
35.015,317
35.02,315
35.025,307
35.03,309
35.035,316
35.04,314
35.045,310
35.05,316
35.055,320
35.06,313
35.065,307
35.07,312
35.075,315
35.08,310
35.085,310
35.09,315
35.095,315
35.1,309
35.105,313
35.11,320
35.115,317
35.12,310
35.125,319
35.13,325
35.135,318
35.14,314
35.145,317
35.15,318
35.155,312
35.16,310
35.165,323
35.17,327
35.175,317
35.18,312
35.185,317
35.19,319
35.195,316
35.2,320
35.205,326
35.21,323
35.215,315
35.22,316
35.225,321
35.23,319
35.235,318
35.24,325
35.245,330
35.25,330
35.255,333
35.26,339
35.265,334
35.27,323
35.275,322
35.28,327
35.285,326
35.29,322
35.295,323
35.3,330
35.305,327
35.31,323
35.315,335
35.32,337
35.325,332
35.33,332
35.335,335
35.34,338
35.345,330
35.35,328
35.355,334
35.36,332
35.365,322
35.37,307
35.375,280
35.38,260
35.385,254
35.39,289
35.395,392
35.4,551
35.405,615
35.41,566
35.415,474
35.42,409
35.425,364
35.43,323
35.435,296
35.44,283
35.445,282
35.45,282
35.455,275
35.46,265
35.465,271
35.47,283
35.475,286
35.48,280
35.485,286
35.49,291
35.495,284
35.5,285
35.505,298
35.51,305
35.515,303
35.52,300
35.525,308
35.53,312
35.535,307
35.54,309
35.545,322
35.55,321
35.555,312
35.56,317
35.565,326
35.57,327
35.575,326
35.58,333
35.585,337
35.59,336
35.595,341
35.6,353
35.605,350
35.61,346
35.615,348
35.62,365
35.625,369
35.63,368
35.635,374
35.64,381
35.645,382
35.65,383
35.655,395
35.66,404
35.665,398
35.67,386
35.675,388
35.68,384
35.685,368
35.69,356
35.695,354
35.7,346
35.705,339
35.71,342
35.715,346
35.72,331
35.725,320
35.73,329
35.735,340
35.74,332
35.745,326
35.75,334
35.755,339
35.76,332
35.765,331
35.77,334
35.775,341
35.78,336
35.785,335
35.79,343
35.795,338
35.8,331
35.805,329
35.81,338
35.815,335
35.82,326
35.825,333
35.83,338
35.835,332
35.84,328
35.845,328
35.85,330
35.855,320
35.86,314
35.865,321
35.87,323
35.875,315
35.88,314
35.885,322
35.89,318
35.895,313
35.9,319
35.905,327
35.91,323
35.915,317
35.92,329
35.925,335
35.93,329
35.935,322
35.94,326
35.945,328
35.95,322
35.955,322
35.96,328
35.965,326
35.97,322
35.975,324
35.98,325
35.985,323
35.99,315
35.995,321
36,331
36.005,322
36.01,320
36.015,327
36.02,331
36.025,325
36.03,320
36.035,327
36.04,329
36.045,325
36.05,329
36.055,336
36.06,334
36.065,330
36.07,339
36.075,344
36.08,337
36.085,331
36.09,338
36.095,344
36.1,338
36.105,335
36.11,341
36.115,343
36.12,337
36.125,336
36.13,344
36.135,342
36.14,335
36.145,334
36.15,342
36.155,339
36.16,335
36.165,337
36.17,344
36.175,340
36.18,338
36.185,343
36.19,346
36.195,344
36.2,339
36.205,343
36.21,348
36.215,340
36.22,336
36.225,343
36.23,346
36.235,343
36.24,347
36.245,353
36.25,350
36.255,347
36.26,354
36.265,362
36.27,358
36.275,352
36.28,355
36.285,360
36.29,354
36.295,348
36.3,352
36.305,351
36.31,345
36.315,352
36.32,366
36.325,368
36.33,362
36.335,361
36.34,357
36.345,352
36.35,347
36.355,351
36.36,357
36.365,350
36.37,346
36.375,352
36.38,356
36.385,349
36.39,345
36.395,354
36.4,356
36.405,350
36.41,353
36.415,357
36.42,355
36.425,349
36.43,344
36.435,320
36.44,290
36.445,283
36.45,307
36.455,379
36.46,525
36.465,623
36.47,604
36.475,523
36.48,449
36.485,422
36.49,390
36.495,358
36.5,331
36.505,331
36.51,333
36.515,325
36.52,315
36.525,323
36.53,331
36.535,327
36.54,325
36.545,331
36.55,336
36.555,331
36.56,326
36.565,334
36.57,337
36.575,335
36.58,338
36.585,348
36.59,349
36.595,346
36.6,355
36.605,365
36.61,361
36.615,358
36.62,365
36.625,369
36.63,365
36.635,369
36.64,377
36.645,384
36.65,380
36.655,380
36.66,391
36.665,397
36.67,390
36.675,391
36.68,404
36.685,406
36.69,399
36.695,402
36.7,412
36.705,412
36.71,406
36.715,413
36.72,418
36.725,412
36.73,409
36.735,413
36.74,410
36.745,395
36.75,386
36.755,383
36.76,373
36.765,360
36.77,356
36.775,361
36.78,357
36.785,346
36.79,347
36.795,352
36.8,347
36.805,342
36.81,348
36.815,354
36.82,344
36.825,337
36.83,339
36.835,339
36.84,332
36.845,332
36.85,338
36.855,333
36.86,323
36.865,326
36.87,331
36.875,329
36.88,322
36.885,325
36.89,330
36.895,327
36.9,324
36.905,333
36.91,338
36.915,330
36.92,328
36.925,338
36.93,342
36.935,334
36.94,336
36.945,344
36.95,343
36.955,338
36.96,345
36.965,353
36.97,347
36.975,341
36.98,349
36.985,354
36.99,347
36.995,345
37,352
37.005,356
37.01,351
37.015,351
37.02,360
37.025,361
37.03,352
37.035,355
37.04,362
37.045,357
37.05,352
37.055,356
37.06,361
37.065,358
37.07,351
37.075,354
37.08,357
37.085,352
37.09,349
37.095,352
37.1,350
37.105,343
37.11,347
37.115,355
37.12,352
37.125,342
37.13,349
37.135,355
37.14,351
37.145,348
37.15,353
37.155,357
37.16,346
37.165,345
37.17,355
37.175,357
37.18,350
37.185,348
37.19,356
37.195,359
37.2,352
37.205,354
37.21,360
37.215,359
37.22,348
37.225,351
37.23,362
37.235,363
37.24,366
37.245,367
37.25,366
37.255,354
37.26,348
37.265,355
37.27,354
37.275,344
37.28,341
37.285,347
37.29,346
37.295,342
37.3,347
37.305,350
37.31,345
37.315,340
37.32,342
37.325,346
37.33,344
37.335,341
37.34,347
37.345,350
37.35,339
37.355,331
37.36,324
37.365,290
37.37,263
37.375,270
37.38,305
37.385,382
37.39,531
37.395,625
37.4,587
37.405,486
37.41,416
37.415,388
37.42,347
37.425,313
37.43,301
37.435,309
37.44,305
37.445,287
37.45,283
37.455,294
37.46,298
37.465,292
37.47,295
37.475,303
37.48,300
37.485,295
37.49,300
37.495,305
37.5,303
37.505,304
37.51,314
37.515,319
37.52,313
37.525,313
37.53,324
37.535,323
37.54,320
37.545,325
37.55,335
37.555,332
37.56,325
37.565,330
37.57,339
37.575,335
37.58,332
37.585,337
37.59,342
37.595,334
37.6,332
37.605,344
37.61,351
37.615,348
37.62,353
37.625,367
37.63,369
37.635,367
37.64,371
37.645,381
37.65,381
37.655,373
37.66,377
37.665,381
37.67,366
37.675,352
37.68,347
37.685,342
37.69,329
37.695,318
37.7,321
37.705,322
37.71,313
37.715,314
37.72,320
37.725,317
37.73,306
37.735,311
37.74,322
37.745,315
37.75,306
37.755,312
37.76,319
37.765,314
37.77,307
37.775,312
37.78,318
37.785,311
37.79,313
37.795,322
37.8,319
37.805,311
37.81,307
37.815,314
37.82,316
37.825,311
37.83,314
37.835,322
37.84,321
37.845,316
37.85,323
37.855,328
37.86,318
37.865,313
37.87,320
37.875,322
37.88,315
37.885,313
37.89,322
37.895,322
37.9,311
37.905,309
37.91,316
37.915,316
37.92,308
37.925,308
37.93,314
37.935,307
37.94,302
37.945,307
37.95,314
37.955,307
37.96,304
37.965,313
37.97,316
37.975,309
37.98,313
37.985,316
37.99,314
37.995,308
38,312
38.005,319
38.01,317
38.015,315
38.02,320
38.025,330
38.03,325
38.035,319
38.04,322
38.045,324
38.05,318
38.055,318
38.06,323
38.065,320
38.07,313
38.075,316
38.08,324
38.085,315
38.09,305
38.095,306
38.1,313
38.105,309
38.11,306
38.115,310
38.12,311
38.125,305
38.13,306
38.135,309
38.14,311
38.145,304
38.15,303
38.155,313
38.16,309
38.165,307
38.17,311
38.175,316
38.18,313
38.185,310
38.19,316
38.195,322
38.2,320
38.205,316
38.21,321
38.215,321
38.22,316
38.225,316
38.23,325
38.235,330
38.24,324
38.245,321
38.25,329
38.255,324
38.26,311
38.265,309
38.27,321
38.275,321
38.28,324
38.285,335
38.29,341
38.295,333
38.3,325
38.305,323
38.31,316
38.315,307
38.32,310
38.325,319
38.33,317
38.335,309
38.34,310
38.345,317
38.35,316
38.355,312
38.36,310
38.365,313
38.37,312
38.375,309
38.38,315
38.385,316
38.39,310
38.395,301
38.4,281
38.405,251
38.41,234
38.415,242
38.42,288
38.425,404
38.43,557
38.435,599
38.44,537
38.445,457
38.45,408
38.455,361
38.46,323
38.465,297
38.47,288
38.475,285
38.48,280
38.485,270
38.49,270
38.495,280
38.5,284
38.505,278
38.51,279
38.515,292
38.52,294
38.525,291
38.53,300
38.535,310
38.54,310
38.545,312
38.55,323
38.555,328
38.56,324
38.565,327
38.57,335
38.575,338
38.58,331
38.585,327
38.59,338
38.595,338
38.6,331
38.605,339
38.61,348
38.615,347
38.62,341
38.625,345
38.63,350
38.635,349
38.64,348
38.645,353
38.65,359
38.655,358
38.66,362
38.665,372
38.67,379
38.675,377
38.68,380
38.685,388
38.69,390
38.695,383
38.7,385
38.705,385
38.71,374
38.715,363
38.72,360
38.725,355
38.73,338
38.735,332
38.74,337
38.745,333
38.75,325
38.755,328
38.76,332
38.765,332
38.77,327
38.775,328
38.78,333
38.785,330
38.79,326
38.795,327
38.8,331
38.805,327
38.81,321
38.815,324
38.82,328
38.825,325
38.83,322
38.835,326
38.84,326
38.845,321
38.85,324
38.855,332
38.86,329
38.865,322
38.87,330
38.875,339
38.88,338
38.885,333
38.89,338
38.895,343
38.9,337
38.905,336
38.91,343
38.915,345
38.92,338
38.925,338
38.93,347
38.935,349
38.94,343
38.945,342
38.95,352
38.955,351
38.96,342
38.965,347
38.97,354
38.975,353
38.98,351
38.985,357
38.99,363
38.995,357
39,357
39.005,366
39.01,369
39.015,365
39.02,365
39.025,374
39.03,374
39.035,367
39.04,371
39.045,380
39.05,373
39.055,366
39.06,371
39.065,378
39.07,374
39.075,369
39.08,375
39.085,374
